datapoint_id,latitude,longitude,kab_rank,litter_count,date_taken
27,33.138404,-117.133426,1,0,2020-04-10
28,33.128989,-117.139082,1,2,2020-04-10
29,33.107626,-117.171682,2,3,2020-04-10
30,33.13939,-117.143225,1,1,2020-04-10
31,33.138861,-117.18027,1,0,2020-04-10
32,33.120714,-117.166082,1,1,2020-04-10
33,33.142516,-117.188855,1,1,2020-04-10
34,33.096589,-117.196622,1,0,2020-04-10
35,33.133511,-117.1875,1,0,2020-04-10
36,33.121095,-117.166206,1,0,2020-04-10
37,33.142093,-117.125183,1,0,2020-04-10
38,33.168423,-117.152649,1,0,2020-04-10
39,33.119578,-117.178454,1,0,2020-04-10
40,33.136634,-117.172582,1,0,2020-04-10
41,33.141864,-117.15817,1,1,2020-04-10
42,33.159253,-117.203276,1,1,2020-04-10
43,33.150955,-117.144033,1,1,2020-04-10
44,33.131353,-117.200883,1,0,2020-04-10
45,33.1198,-117.186207,1,2,2020-04-10
46,33.151904,-117.134465,1,0,2020-04-10
47,33.122085,-117.17085,1,0,2020-04-10
48,33.13034,-117.179673,1,2,2020-04-10
49,33.127474,-117.14539,1,0,2020-04-10
50,33.148586,-117.189339,1,0,2020-04-10
51,33.12976,-117.179391,1,2,2020-04-10
52,33.120035,-117.179014,1,2,2020-04-10
53,33.123634,-117.17569,1,2,2020-04-10
54,33.163731,-117.155332,1,0,2020-04-10
55,33.163559,-117.155121,1,0,2020-04-10
56,33.139803,-117.180995,2,3,2020-04-10
57,33.159924,-117.155067,1,1,2020-04-10
58,33.113162,-117.163787,1,0,2020-04-10
59,33.144183,-117.153049,1,2,2020-04-10
60,33.127379,-117.165225,1,0,2020-04-10
61,33.139122,-117.144138,1,1,2020-04-10
62,33.17172,-117.160604,1,0,2020-04-10
63,33.152835,-117.195759,1,0,2020-04-10
64,33.107209,-117.167043,2,3,2020-04-10
65,33.153763,-117.149307,1,1,2020-04-10
66,33.150817,-117.161753,1,1,2020-04-10
67,33.094707,-117.207831,1,0,2020-04-10
68,33.12711,-117.192657,1,0,2020-04-10
69,33.120121,-117.179039,1,2,2020-04-10
70,33.115499,-117.226464,1,1,2020-04-10
71,33.095602,-117.209186,1,0,2020-04-10
72,33.136991,-117.147753,1,0,2020-04-10
73,33.107218,-117.172919,1,0,2020-04-10
74,33.155948,-117.161091,1,0,2020-04-10
75,33.126095,-117.183052,1,0,2020-04-10
76,33.149746,-117.201027,1,1,2020-04-10
77,33.135525,-117.131264,1,0,2020-04-10
78,33.120894,-117.165701,1,1,2020-04-10
79,33.1366,-117.118621,1,1,2020-04-10
80,33.186857,-117.156481,1,0,2020-04-10
81,33.0977,-117.211401,1,1,2020-04-10
82,33.09185,-117.193062,1,2,2020-04-10
83,33.15328,-117.171595,1,0,2020-04-10
84,33.146736,-117.183228,1,1,2020-04-10
85,33.128571,-117.178207,3,7,2020-04-10
86,33.17252,-117.155617,1,0,2020-04-10
87,33.128601,-117.219177,1,0,2020-04-10
88,33.119554,-117.14664,1,2,2020-04-10
89,33.13813,-117.190433,1,1,2020-04-10
90,33.131272,-117.228203,1,0,2020-04-10
91,33.150786,-117.144281,1,0,2020-04-10
92,33.137404,-117.159992,1,1,2020-04-10
93,33.128361,-117.222481,1,0,2020-04-10
94,33.156841,-117.158524,1,2,2020-04-10
95,33.14601,-117.133764,1,1,2020-04-10
96,33.153104,-117.170838,1,0,2020-04-10
97,33.12247,-117.172558,1,2,2020-04-10
98,33.138405,-117.160004,1,0,2020-04-10
99,33.109032,-117.225254,1,1,2020-04-10
100,33.139331,-117.142849,2,3,2020-04-10
101,33.131534,-117.228278,1,0,2020-04-10
102,33.17202,-117.155586,1,0,2020-04-10
103,33.139305,-117.17809,1,0,2020-04-10
104,33.138252,-117.116678,1,0,2020-04-10
105,33.140712,-117.161672,1,0,2020-04-10
106,33.137011,-117.147768,1,0,2020-04-10
107,33.116264,-117.163362,1,0,2020-04-10
108,33.127271,-117.165242,1,0,2020-04-10
109,33.16959,-117.152962,1,0,2020-04-10
110,33.122813,-117.165905,1,0,2020-04-10
111,33.136017,-117.136274,1,0,2020-04-10
112,33.127245,-117.174026,1,0,2020-04-10
113,33.158424,-117.148102,1,0,2020-04-10
114,33.160555,-117.151513,1,2,2020-04-10
115,33.151073,-117.139877,1,0,2020-04-10
116,33.144136,-117.201397,1,0,2020-04-10
117,33.12159,-117.16629,1,1,2020-04-10
118,33.118629,-117.165043,1,0,2020-04-10
119,33.138994,-117.140812,1,1,2020-04-10
120,33.138859,-117.145592,1,0,2020-04-10
121,33.13139,-117.228263,1,0,2020-04-10
122,33.142555,-117.190399,1,0,2020-04-10
123,33.116634,-117.145203,1,2,2020-04-11
124,33.14304,-117.166321,2,4,2020-04-11
125,33.129037,-117.179037,1,0,2020-04-11
126,33.132691,-117.126158,1,0,2020-04-11
127,33.102434,-117.22292,1,2,2020-04-11
128,33.099106,-117.213182,1,0,2020-04-11
129,33.138683,-117.217003,1,1,2020-04-11
130,33.120747,-117.221336,1,0,2020-04-11
131,33.128536,-117.184753,1,0,2020-04-11
132,33.122086,-117.165751,1,0,2020-04-11
133,33.111947,-117.225729,1,0,2020-04-11
134,33.094203,-117.20544,1,0,2020-04-11
135,33.123661,-117.19043,1,0,2020-04-11
136,33.147462,-117.186377,1,0,2020-04-11
137,33.147152,-117.181168,1,0,2020-04-11
138,33.146621,-117.133497,1,0,2020-04-11
139,33.142462,-117.155796,1,1,2020-04-11
140,33.144014,-117.197918,1,0,2020-04-11
141,33.151218,-117.166303,2,3,2020-04-11
142,33.147514,-117.197858,1,0,2020-04-11
143,33.157616,-117.146606,1,0,2020-04-11
144,33.134572,-117.127296,1,0,2020-04-11
145,33.147163,-117.122757,1,1,2020-04-11
146,33.132537,-117.151998,1,0,2020-04-11
147,33.154503,-117.140762,1,2,2020-04-11
148,33.143475,-117.180527,1,0,2020-04-11
149,33.14408,-117.201237,1,0,2020-04-11
150,33.134271,-117.156638,1,1,2020-04-11
151,33.153356,-117.189324,1,0,2020-04-11
152,33.094274,-117.204552,1,0,2020-04-11
153,33.100099,-117.221127,2,4,2020-04-11
154,33.133388,-117.156075,1,0,2020-04-11
155,33.107449,-117.165963,1,0,2020-04-11
156,33.107544,-117.171382,1,2,2020-04-11
157,33.136797,-117.173504,1,0,2020-04-11
158,33.164748,-117.188889,1,0,2020-04-11
159,33.183665,-117.155465,1,2,2020-04-11
160,33.099952,-117.215782,1,0,2020-04-11
161,33.144315,-117.191342,1,0,2020-04-11
162,33.09851,-117.200986,1,0,2020-04-11
163,33.131513,-117.223697,2,3,2020-04-11
164,33.143074,-117.198387,1,0,2020-04-11
165,33.164706,-117.188754,1,2,2020-04-11
166,33.121996,-117.162344,1,0,2020-04-11
167,33.099058,-117.213327,1,0,2020-04-11
168,33.116429,-117.225974,1,2,2020-04-11
169,33.107599,-117.171853,1,0,2020-04-11
170,33.149395,-117.181351,1,0,2020-04-11
171,33.135646,-117.194751,1,1,2020-04-11
172,33.117382,-117.225279,1,0,2020-04-11
173,33.102069,-117.181354,1,0,2020-04-11
174,33.137477,-117.177315,1,1,2020-04-11
175,33.103845,-117.178037,1,1,2020-04-11
176,33.094471,-117.207612,1,2,2020-04-11
177,33.129204,-117.222641,1,0,2020-04-11
178,33.141682,-117.190257,1,2,2020-04-11
179,33.130287,-117.221024,1,1,2020-04-11
180,33.150479,-117.203209,1,1,2020-04-11
181,33.151861,-117.161656,1,0,2020-04-11
182,33.145132,-117.173445,1,0,2020-04-11
183,33.128665,-117.113684,1,0,2020-04-11
184,33.129123,-117.214512,1,2,2020-04-11
185,33.133489,-117.155913,1,0,2020-04-11
186,33.149178,-117.209084,2,4,2020-04-11
187,33.151373,-117.189252,1,2,2020-04-11
188,33.155441,-117.197488,1,1,2020-04-11
189,33.138284,-117.133447,2,3,2020-04-11
190,33.14106,-117.122902,1,0,2020-04-11
191,33.108506,-117.164368,1,0,2020-04-11
192,33.125648,-117.218712,1,1,2020-04-11
193,33.154377,-117.189679,1,1,2020-04-11
194,33.186638,-117.15638,1,2,2020-04-11
195,33.127948,-117.197242,1,0,2020-04-11
196,33.146032,-117.190203,1,0,2020-04-11
197,33.147157,-117.135861,1,1,2020-04-11
198,33.141709,-117.190636,1,1,2020-04-11
199,33.136177,-117.132462,1,0,2020-04-11
200,33.134104,-117.153825,1,0,2020-04-11
201,33.129133,-117.151111,1,2,2020-04-11
202,33.160168,-117.180937,1,0,2020-04-11
203,33.117311,-117.177946,1,0,2020-04-11
204,33.127327,-117.190582,1,1,2020-04-11
205,33.128559,-117.184662,1,0,2020-04-11
206,33.104933,-117.225019,1,2,2020-04-11
207,33.123216,-117.174226,1,0,2020-04-11
208,33.127106,-117.193153,1,0,2020-04-11
209,33.135571,-117.150288,1,0,2020-04-11
210,33.122664,-117.228179,1,0,2020-04-11
211,33.136082,-117.132248,1,2,2020-04-11
212,33.126704,-117.226831,1,0,2020-04-11
213,33.122683,-117.164815,1,1,2020-04-11
214,33.155182,-117.177521,1,0,2020-04-11
215,33.123804,-117.145409,1,0,2020-04-11
216,33.140947,-117.162727,1,0,2020-04-11
217,33.128369,-117.222482,1,0,2020-04-11
218,33.12954,-117.228708,2,3,2020-04-11
219,33.102374,-117.185948,1,0,2020-04-11
220,33.142147,-117.190752,1,2,2020-04-11
221,33.140746,-117.202952,1,0,2020-04-11
222,33.110901,-117.225327,1,0,2020-04-11
223,33.125992,-117.174263,1,0,2020-04-11
224,33.142289,-117.140873,1,0,2020-04-11
225,33.143714,-117.203329,1,0,2020-04-11
226,33.1078,-117.165079,1,1,2020-04-11
227,33.09544,-117.195708,1,2,2020-04-11
228,33.131407,-117.204584,1,0,2020-04-11
229,33.126919,-117.187759,1,1,2020-04-11
230,33.148614,-117.188893,1,2,2020-04-11
231,33.157225,-117.2063,1,1,2020-04-11
232,33.156643,-117.132446,1,1,2020-04-11
233,33.156776,-117.145107,1,0,2020-04-11
234,33.097317,-117.198463,1,0,2020-04-11
235,33.100003,-117.220622,1,0,2020-04-11
236,33.120892,-117.190353,1,1,2020-04-11
237,33.116458,-117.163381,1,0,2020-04-11
238,33.154152,-117.176971,1,1,2020-04-11
239,33.122181,-117.179413,1,0,2020-04-11
240,33.145491,-117.133125,1,0,2020-04-11
241,33.121498,-117.178757,1,0,2020-04-11
242,33.128416,-117.150185,1,0,2020-04-11
243,33.142346,-117.188034,1,0,2020-04-11
244,33.104902,-117.225221,2,4,2020-04-11
245,33.1521,-117.180588,1,0,2020-04-11
246,33.145708,-117.190169,1,0,2020-04-11
247,33.116929,-117.225787,1,0,2020-04-11
248,33.13607,-117.134918,1,0,2020-04-11
249,33.152127,-117.189422,1,0,2020-04-11
250,33.141337,-117.161175,1,0,2020-04-11
251,33.123561,-117.175744,1,0,2020-04-11
252,33.119441,-117.222171,1,0,2020-04-11
253,33.157593,-117.178364,1,0,2020-04-11
254,33.141876,-117.187828,1,2,2020-04-11
255,33.102209,-117.180716,1,1,2020-04-11
256,33.122204,-117.191971,2,5,2020-04-11
257,33.12805,-117.142204,1,0,2020-04-11
258,33.157101,-117.13044,1,2,2020-04-11
259,33.100934,-117.205527,1,0,2020-04-11
260,33.140116,-117.150479,1,0,2020-04-11
261,33.139485,-117.151098,1,2,2020-04-11
262,33.145115,-117.185104,1,0,2020-04-11
263,33.143085,-117.164174,1,0,2020-04-11
264,33.129154,-117.214478,1,0,2020-04-11
265,33.12846,-117.221077,1,1,2020-04-11
266,33.104609,-117.225061,1,0,2020-04-11
267,33.152042,-117.12622,1,1,2020-04-11
268,33.099809,-117.214647,2,4,2020-04-11
269,33.146633,-117.138786,1,0,2020-04-11
270,33.114531,-117.226835,1,0,2020-04-11
271,33.12521,-117.188789,1,0,2020-04-11
272,33.12323,-117.219597,1,0,2020-04-11
273,33.1666,-117.1519,1,0,2020-04-11
274,33.137825,-117.194238,1,1,2020-04-11
275,33.142953,-117.13708,1,0,2020-04-11
276,33.181033,-117.156631,1,0,2020-04-11
277,33.131435,-117.201504,1,1,2020-04-11
278,33.1579,-117.206958,1,0,2020-04-11
279,33.140959,-117.164276,1,1,2020-04-11
280,33.15216,-117.180846,1,0,2020-04-11
281,33.140802,-117.203113,1,1,2020-04-11
282,33.115952,-117.144814,1,0,2020-04-11
283,33.17322,-117.159822,1,1,2020-04-11
284,33.129785,-117.179531,1,2,2020-04-11
285,33.132283,-117.210221,1,2,2020-04-11
286,33.120866,-117.169205,1,0,2020-04-11
287,33.117013,-117.163628,2,4,2020-04-11
288,33.158391,-117.149287,2,3,2020-04-11
289,33.170997,-117.160564,1,1,2020-04-11
290,33.145043,-117.146453,2,5,2020-04-11
291,33.116772,-117.145287,1,0,2020-04-11
292,33.152219,-117.197053,1,0,2020-04-11
293,33.131996,-117.213501,1,1,2020-04-11
294,33.151974,-117.143829,1,2,2020-04-11
295,33.120191,-117.220802,2,5,2020-04-11
296,33.152904,-117.195668,1,2,2020-04-11
297,33.137654,-117.159009,1,0,2020-04-11
298,33.122379,-117.223663,1,0,2020-04-11
299,33.114342,-117.226681,1,2,2020-04-11
300,33.143679,-117.190002,1,0,2020-04-11
301,33.142075,-117.187886,1,0,2020-04-11
302,33.146004,-117.19693,1,0,2020-04-11
303,33.116677,-117.163548,2,3,2020-04-11
304,33.121185,-117.169544,1,0,2020-04-11
305,33.153838,-117.189398,1,2,2020-04-11
306,33.154369,-117.140953,1,1,2020-04-11
307,33.142811,-117.189705,2,3,2020-04-11
308,33.121821,-117.162346,1,0,2020-04-11
309,33.154308,-117.141006,1,0,2020-04-11
310,33.137942,-117.194234,3,6,2020-04-11
311,33.131655,-117.223721,1,1,2020-04-11
312,33.155263,-117.161058,1,1,2020-04-11
313,33.129837,-117.218727,1,1,2020-04-11
314,33.133069,-117.146799,1,1,2020-04-11
315,33.146519,-117.198357,1,0,2020-04-11
316,33.148595,-117.188716,1,0,2020-04-11
317,33.123363,-117.179337,1,0,2020-04-11
318,33.099524,-117.199544,1,0,2020-04-11
319,33.140498,-117.136198,1,0,2020-04-11
320,33.142304,-117.189658,1,0,2020-04-11
321,33.143218,-117.189999,2,4,2020-04-11
322,33.134711,-117.127943,1,1,2020-04-11
323,33.13921,-117.216133,3,6,2020-04-11
324,33.107421,-117.170109,1,0,2020-04-11
325,33.153039,-117.144933,1,0,2020-04-11
326,33.134739,-117.197823,1,1,2020-04-11
327,33.135887,-117.200348,1,0,2020-04-11
328,33.10217,-117.180853,1,0,2020-04-11
329,33.138736,-117.134451,2,3,2020-04-11
330,33.102167,-117.18419,1,0,2020-04-11
331,33.116299,-117.144989,1,0,2020-04-11
332,33.121708,-117.169804,1,0,2020-04-11
333,33.091492,-117.192543,2,4,2020-04-11
334,33.146223,-117.1835,1,0,2020-04-11
335,33.125927,-117.19516,1,2,2020-04-11
336,33.127093,-117.192656,1,1,2020-04-11
337,33.129246,-117.21875,1,0,2020-04-11
338,33.101934,-117.191819,1,2,2020-04-11
339,33.136029,-117.192294,1,2,2020-04-11
340,33.141912,-117.159672,1,2,2020-04-11
341,33.15207,-117.197369,1,0,2020-04-11
342,33.136482,-117.19267,1,0,2020-04-11
343,33.108341,-117.164663,1,0,2020-04-11
344,33.139355,-117.215881,1,1,2020-04-11
345,33.107376,-117.165865,1,2,2020-04-11
346,33.137386,-117.135985,1,0,2020-04-11
347,33.143093,-117.180107,1,0,2020-04-11
348,33.127436,-117.170437,1,0,2020-04-11
349,33.132626,-117.187154,1,0,2020-04-11
350,33.146547,-117.181256,1,0,2020-04-11
351,33.130113,-117.228551,1,2,2020-04-11
352,33.130807,-117.219386,1,0,2020-04-11
353,33.142568,-117.190584,1,0,2020-04-11
354,33.102234,-117.180968,1,1,2020-04-11
355,33.146254,-117.183485,1,1,2020-04-11
356,33.158946,-117.149046,1,0,2020-04-11
357,33.130999,-117.201026,1,2,2020-04-11
358,33.13916,-117.142842,1,2,2020-04-11
359,33.117914,-117.146533,1,0,2020-04-11
360,33.135357,-117.185525,1,0,2020-04-11
361,33.122192,-117.223877,1,0,2020-04-11
362,33.096828,-117.196858,1,2,2020-04-11
363,33.131398,-117.208158,1,2,2020-04-11
364,33.108883,-117.164145,1,1,2020-04-11
365,33.145805,-117.183702,1,0,2020-04-11
366,33.144434,-117.172549,1,0,2020-04-11
367,33.136996,-117.174212,2,3,2020-04-11
368,33.149195,-117.188699,2,4,2020-04-11
369,33.148051,-117.188299,1,0,2020-04-11
370,33.148408,-117.188999,1,0,2020-04-11
371,33.14171,-117.211561,1,2,2020-04-11
372,33.150732,-117.160727,1,0,2020-04-11
373,33.128908,-117.138143,1,0,2020-04-11
374,33.137082,-117.179036,2,3,2020-04-11
375,33.122795,-117.190422,1,0,2020-04-11
376,33.142792,-117.180061,1,0,2020-04-11
377,33.100154,-117.216596,1,0,2020-04-11
378,33.133034,-117.21398,1,0,2020-04-11
379,33.136466,-117.194888,1,0,2020-04-11
380,33.150731,-117.160495,1,0,2020-04-11
381,33.118503,-117.146726,1,1,2020-04-11
382,33.138531,-117.219147,1,0,2020-04-11
383,33.125973,-117.218102,1,0,2020-04-11
384,33.127876,-117.17657,1,0,2020-04-11
385,33.139881,-117.1614,1,0,2020-04-11
386,33.131572,-117.180281,1,0,2020-04-11
387,33.150209,-117.149349,1,0,2020-04-11
388,33.13559,-117.154217,1,2,2020-04-11
389,33.142371,-117.188939,1,0,2020-04-11
390,33.120451,-117.165497,1,0,2020-04-11
391,33.143617,-117.154337,1,0,2020-04-11
392,33.120874,-117.165945,1,0,2020-04-11
393,33.150913,-117.139816,1,1,2020-04-11
394,33.139824,-117.144203,1,0,2020-04-11
395,33.150432,-117.144956,1,1,2020-04-11
396,33.142338,-117.138222,1,0,2020-04-11
397,33.127506,-117.173905,1,0,2020-04-11
398,33.124734,-117.145149,1,1,2020-04-11
399,33.11369,-117.226804,1,2,2020-04-11
400,33.139447,-117.143593,1,1,2020-04-11
401,33.123505,-117.192261,1,0,2020-04-11
402,33.127232,-117.165436,1,0,2020-04-11
403,33.127901,-117.142558,1,0,2020-04-11
404,33.126603,-117.145192,1,2,2020-04-11
405,33.156144,-117.129767,1,0,2020-04-11
406,33.122542,-117.173411,2,5,2020-04-11
407,33.129324,-117.151201,1,0,2020-04-11
408,33.160477,-117.154793,1,0,2020-04-11
409,33.1403,-117.20335,1,1,2020-04-11
410,33.141103,-117.161568,1,0,2020-04-11
411,33.142762,-117.155243,2,3,2020-04-11
412,33.132057,-117.18039,1,1,2020-04-11
413,33.141621,-117.185807,1,0,2020-04-11
414,33.121647,-117.169864,1,0,2020-04-11
415,33.136594,-117.171721,2,3,2020-04-11
416,33.133767,-117.125058,1,1,2020-04-11
417,33.142735,-117.155636,2,4,2020-04-11
418,33.142015,-117.159386,1,1,2020-04-11
419,33.164233,-117.188816,1,0,2020-04-11
420,33.145459,-117.133144,1,0,2020-04-11
421,33.127251,-117.186028,1,1,2020-04-11
422,33.149862,-117.188672,1,0,2020-04-11
423,33.115898,-117.144697,1,2,2020-04-11
424,33.127388,-117.174004,1,0,2020-04-11
425,33.136295,-117.192619,1,0,2020-04-11
426,33.138702,-117.179939,1,1,2020-04-11
427,33.141341,-117.161181,1,0,2020-04-11
428,33.139755,-117.177588,1,0,2020-04-11
429,33.147663,-117.191095,1,1,2020-04-11
430,33.151787,-117.194345,1,0,2020-04-11
431,33.145499,-117.189356,1,0,2020-04-11
432,33.140947,-117.190268,1,0,2020-04-11
433,33.159684,-117.160966,1,0,2020-04-11
434,33.133338,-117.129729,1,0,2020-04-11
435,33.133649,-117.120408,1,1,2020-04-11
436,33.148881,-117.196457,1,1,2020-04-11
437,33.14298,-117.191723,1,0,2020-04-11
438,33.144885,-117.146492,1,0,2020-04-11
439,33.124294,-117.177673,1,0,2020-04-11
440,33.139053,-117.145088,1,0,2020-04-11
441,33.125538,-117.183678,1,0,2020-04-11
442,33.141357,-117.171433,1,2,2020-04-11
443,33.127506,-117.18158,1,1,2020-04-11
444,33.127339,-117.170602,1,1,2020-04-11
445,33.130119,-117.221458,1,0,2020-04-11
446,33.142246,-117.160708,1,0,2020-04-11
447,33.149758,-117.190933,1,2,2020-04-11
448,33.122227,-117.145835,1,1,2020-04-11
449,33.138214,-117.116855,2,4,2020-04-11
450,33.120012,-117.165519,1,0,2020-04-11
451,33.173285,-117.159812,1,0,2020-04-11
452,33.132111,-117.213318,1,0,2020-04-11
453,33.110224,-117.225247,1,1,2020-04-11
454,33.126732,-117.194229,1,0,2020-04-11
455,33.12513,-117.177872,1,0,2020-04-11
456,33.151451,-117.181302,1,0,2020-04-11
457,33.139839,-117.177448,2,3,2020-04-11
458,33.107645,-117.171227,1,1,2020-04-11
459,33.142086,-117.189109,1,0,2020-04-11
460,33.136875,-117.148956,1,1,2020-04-11
461,33.151882,-117.143753,1,0,2020-04-11
462,33.123364,-117.145653,1,0,2020-04-11
463,33.127405,-117.165591,1,0,2020-04-11
464,33.121853,-117.1922,1,1,2020-04-11
465,33.13648,-117.192677,1,0,2020-04-11
466,33.127954,-117.197216,1,1,2020-04-11
467,33.185265,-117.154663,1,0,2020-04-11
468,33.128479,-117.219421,1,0,2020-04-11
469,33.141447,-117.161052,1,1,2020-04-11
470,33.12542,-117.188782,2,3,2020-04-11
471,33.130846,-117.200888,1,0,2020-04-11
472,33.14257,-117.190611,1,1,2020-04-11
473,33.142022,-117.189069,3,7,2020-04-11
474,33.143578,-117.191168,1,2,2020-04-11
475,33.123953,-117.219597,1,0,2020-04-11
476,33.151153,-117.19353,1,0,2020-04-11
477,33.132903,-117.212509,1,0,2020-04-11
478,33.136338,-117.181874,1,1,2020-04-11
479,33.099875,-117.20261,1,0,2020-04-11
480,33.144321,-117.173528,1,1,2020-04-11
481,33.156116,-117.205396,1,1,2020-04-11
482,33.131634,-117.200074,1,0,2020-04-11
483,33.139452,-117.180607,1,0,2020-04-11
484,33.107243,-117.168748,2,3,2020-04-11
485,33.134138,-117.125927,1,0,2020-04-11
486,33.1227,-117.165063,1,0,2020-04-11
487,33.129904,-117.18633,1,0,2020-04-11
488,33.155176,-117.138239,1,0,2020-04-11
489,33.140928,-117.161464,1,0,2020-04-11
490,33.129266,-117.228659,1,0,2020-04-11
491,33.100046,-117.216613,1,0,2020-04-11
492,33.124983,-117.165645,1,0,2020-04-11
493,33.180691,-117.156809,1,0,2020-04-11
494,33.173457,-117.159787,1,0,2020-04-11
495,33.121516,-117.165815,1,0,2020-04-11
496,33.148286,-117.133302,1,0,2020-04-11
497,33.102243,-117.187654,1,0,2020-04-11
498,33.131618,-117.199664,1,0,2020-04-11
499,33.100021,-117.216343,1,2,2020-04-11
500,33.131111,-117.159572,1,1,2020-04-11
501,33.141514,-117.135521,1,1,2020-04-11
502,33.124648,-117.178901,1,0,2020-04-11
503,33.142197,-117.157184,1,2,2020-04-11
504,33.141227,-117.161337,1,1,2020-04-11
505,33.133613,-117.152897,1,0,2020-04-11
506,33.125141,-117.176979,2,3,2020-04-11
507,33.147029,-117.136508,1,1,2020-04-11
508,33.12714,-117.191338,1,0,2020-04-11
509,33.140083,-117.161469,1,0,2020-04-11
510,33.135758,-117.134549,1,0,2020-04-11
511,33.154747,-117.177383,1,0,2020-04-11
512,33.133848,-117.191776,1,0,2020-04-11
513,33.146756,-117.122173,1,1,2020-04-11
514,33.150254,-117.188567,1,1,2020-04-11
515,33.130039,-117.218773,1,0,2020-04-11
516,33.131364,-117.159311,1,0,2020-04-11
517,33.091198,-117.192017,2,3,2020-04-11
518,33.122913,-117.219429,1,1,2020-04-11
519,33.145241,-117.14859,2,4,2020-04-11
520,33.139554,-117.183142,1,0,2020-04-11
521,33.101002,-117.196618,1,0,2020-04-11
522,33.15077,-117.192494,1,1,2020-04-11
523,33.120884,-117.146581,1,0,2020-04-11
524,33.102278,-117.18048,1,0,2020-04-11
525,33.136802,-117.172616,1,2,2020-04-11
526,33.145294,-117.148197,2,3,2020-04-11
527,33.122081,-117.16237,1,0,2020-04-11
528,33.133243,-117.146978,1,0,2020-04-11
529,33.155605,-117.19773,1,0,2020-04-11
530,33.140752,-117.165348,1,0,2020-04-11
531,33.119518,-117.164735,1,0,2020-04-11
532,33.160766,-117.151605,1,1,2020-04-11
533,33.128596,-117.178448,1,0,2020-04-11
534,33.099791,-117.20237,1,0,2020-04-11
535,33.094175,-117.206619,1,0,2020-04-11
536,33.102618,-117.179907,1,0,2020-04-11
537,33.13512,-117.178274,1,2,2020-04-11
538,33.13953,-117.152267,1,0,2020-04-11
539,33.139339,-117.140411,1,1,2020-04-11
540,33.177452,-117.145498,1,0,2020-04-11
541,33.134632,-117.153816,1,0,2020-04-11
542,33.149879,-117.149491,1,0,2020-04-11
543,33.132633,-117.212517,1,0,2020-04-11
544,33.139324,-117.189636,1,1,2020-04-11
545,33.144403,-117.172626,1,0,2020-04-11
546,33.134575,-117.181313,1,0,2020-04-11
547,33.144431,-117.198955,1,0,2020-04-11
548,33.143144,-117.164631,2,4,2020-04-11
549,33.127136,-117.191803,1,0,2020-04-11
550,33.127444,-117.172172,1,0,2020-04-11
551,33.115317,-117.22654,2,4,2020-04-11
552,33.13432,-117.15362,1,2,2020-04-11
553,33.121297,-117.178661,1,0,2020-04-11
554,33.14577,-117.189951,1,0,2020-04-11
555,33.120764,-117.187893,1,1,2020-04-11
556,33.131493,-117.21991,1,0,2020-04-11
557,33.127529,-117.147629,1,1,2020-04-11
558,33.133243,-117.120735,1,1,2020-04-11
559,33.120934,-117.192253,1,2,2020-04-11
560,33.141353,-117.171487,1,1,2020-04-11
561,33.12171,-117.224842,1,0,2020-04-11
562,33.139897,-117.184,1,1,2020-04-11
563,33.146889,-117.137446,1,0,2020-04-11
564,33.171985,-117.160522,1,2,2020-04-11
565,33.142565,-117.209693,1,0,2020-04-11
566,33.16232,-117.160799,1,0,2020-04-11
567,33.103376,-117.22403,1,0,2020-04-11
568,33.148933,-117.198779,1,0,2020-04-11
569,33.100588,-117.197648,1,0,2020-04-11
570,33.138162,-117.13287,1,2,2020-04-11
571,33.12838,-117.219757,1,0,2020-04-11
572,33.094108,-117.206169,1,0,2020-04-11
573,33.162846,-117.155067,1,2,2020-04-11
574,33.131182,-117.208384,1,1,2020-04-11
575,33.15175,-117.189369,1,0,2020-04-11
576,33.149606,-117.190854,1,0,2020-04-11
577,33.122917,-117.179077,1,1,2020-04-11
578,33.102133,-117.181642,1,0,2020-04-11
579,33.113043,-117.163664,1,0,2020-04-11
580,33.151766,-117.189194,1,2,2020-04-11
581,33.114338,-117.22685,1,1,2020-04-11
582,33.094214,-117.206135,1,2,2020-04-11
583,33.122922,-117.167163,1,0,2020-04-11
584,33.156509,-117.177719,1,1,2020-04-11
585,33.137163,-117.161716,1,0,2020-04-11
586,33.136616,-117.17232,1,0,2020-04-11
587,33.142007,-117.190736,1,0,2020-04-11
588,33.129066,-117.178994,2,3,2020-04-11
589,33.121379,-117.166267,1,1,2020-04-11
590,33.158062,-117.157753,1,0,2020-04-11
591,33.152279,-117.197201,1,0,2020-04-11
592,33.139325,-117.144184,1,0,2020-04-11
593,33.139748,-117.14624,1,0,2020-04-11
594,33.136491,-117.181868,1,2,2020-04-11
595,33.130522,-117.228357,2,3,2020-04-11
596,33.125706,-117.188744,1,0,2020-04-11
597,33.133823,-117.153099,1,0,2020-04-11
598,33.13313,-117.193907,1,0,2020-04-11
599,33.134611,-117.15283,2,3,2020-04-11
600,33.13834,-117.159851,1,0,2020-04-11
601,33.138966,-117.216476,1,1,2020-04-11
602,33.139427,-117.140587,1,0,2020-04-11
603,33.144273,-117.173011,1,0,2020-04-11
604,33.141083,-117.163398,1,1,2020-04-11
605,33.1343,-117.120192,1,0,2020-04-11
606,33.094168,-117.205028,1,0,2020-04-11
607,33.09259,-117.193893,1,0,2020-04-11
608,33.156433,-117.160865,1,2,2020-04-11
609,33.107187,-117.166468,1,0,2020-04-11
610,33.131276,-117.208278,1,1,2020-04-11
611,33.134945,-117.1946,1,0,2020-04-11
612,33.144509,-117.190944,1,1,2020-04-11
613,33.134865,-117.197929,1,2,2020-04-11
614,33.179354,-117.151449,1,2,2020-04-11
615,33.149914,-117.15472,1,0,2020-04-11
616,33.130985,-117.228197,1,1,2020-04-11
617,33.141851,-117.159176,1,1,2020-04-11
618,33.10186,-117.190052,1,0,2020-04-11
619,33.137711,-117.117389,1,2,2020-04-11
620,33.151001,-117.142143,1,1,2020-04-11
621,33.135359,-117.205647,1,0,2020-04-11
622,33.158291,-117.149251,1,0,2020-04-11
623,33.147026,-117.196579,1,0,2020-04-11
624,33.107189,-117.225391,1,0,2020-04-11
625,33.146634,-117.138915,1,0,2020-04-11
626,33.140731,-117.162349,1,0,2020-04-11
627,33.158156,-117.188979,1,0,2020-04-11
628,33.129555,-117.136394,1,1,2020-04-11
629,33.115803,-117.143661,1,0,2020-04-11
630,33.100845,-117.197106,1,2,2020-04-11
631,33.139169,-117.178368,1,1,2020-04-11
632,33.142117,-117.125237,1,1,2020-04-11
633,33.094692,-117.203682,1,1,2020-04-11
634,33.144466,-117.172173,1,0,2020-04-11
635,33.122398,-117.218699,1,0,2020-04-11
636,33.122546,-117.162773,1,0,2020-04-11
637,33.101866,-117.190663,1,0,2020-04-11
638,33.131787,-117.124699,1,0,2020-04-11
639,33.136169,-117.192741,2,3,2020-04-11
640,33.135386,-117.205822,1,0,2020-04-11
641,33.151977,-117.179619,1,1,2020-04-11
642,33.143715,-117.2034,1,0,2020-04-11
643,33.150652,-117.203166,2,5,2020-04-11
644,33.140133,-117.183816,1,0,2020-04-11
645,33.150431,-117.188622,1,1,2020-04-11
646,33.140122,-117.151034,1,2,2020-04-11
647,33.122552,-117.162783,2,3,2020-04-11
648,33.125202,-117.176826,1,0,2020-04-11
649,33.107312,-117.166427,1,1,2020-04-11
650,33.149989,-117.146559,1,0,2020-04-11
651,33.125778,-117.218513,2,5,2020-04-11
652,33.102025,-117.191055,1,0,2020-04-11
653,33.116055,-117.226414,1,0,2020-04-11
654,33.14624,-117.210563,1,0,2020-04-11
655,33.130711,-117.214417,1,0,2020-04-11
656,33.151043,-117.202988,1,0,2020-04-11
657,33.11921,-117.168533,1,1,2020-04-11
658,33.155063,-117.197046,1,0,2020-04-11
659,33.102052,-117.188326,1,0,2020-04-11
660,33.138899,-117.193688,1,1,2020-04-11
661,33.135066,-117.151827,1,1,2020-04-11
662,33.117058,-117.145561,1,0,2020-04-11
663,33.103584,-117.17845,1,0,2020-04-11
664,33.163406,-117.154839,1,0,2020-04-11
665,33.151249,-117.207916,1,2,2020-04-11
666,33.155531,-117.143328,1,0,2020-04-11
667,33.128682,-117.211465,1,2,2020-04-11
668,33.129146,-117.137027,1,2,2020-04-11
669,33.132752,-117.21185,1,0,2020-04-11
670,33.110636,-117.163821,1,1,2020-04-11
671,33.153289,-117.174543,1,0,2020-04-11
672,33.168293,-117.152557,1,0,2020-04-11
673,33.119551,-117.221723,1,0,2020-04-11
674,33.138565,-117.21743,1,0,2020-04-11
675,33.138676,-117.173155,1,0,2020-04-11
676,33.149097,-117.139397,1,2,2020-04-11
677,33.123376,-117.227664,1,0,2020-04-11
678,33.113357,-117.226718,1,0,2020-04-11
679,33.107428,-117.172651,1,0,2020-04-11
680,33.132838,-117.216615,1,0,2020-04-11
681,33.146697,-117.138631,1,0,2020-04-11
682,33.128992,-117.151044,1,0,2020-04-11
683,33.140282,-117.139992,1,0,2020-04-11
684,33.137546,-117.160103,1,1,2020-04-11
685,33.152168,-117.132477,1,1,2020-04-11
686,33.136915,-117.173314,1,0,2020-04-11
687,33.147003,-117.136586,1,2,2020-04-11
688,33.102012,-117.181931,1,0,2020-04-11
689,33.158259,-117.202505,1,0,2020-04-11
690,33.137754,-117.132441,1,0,2020-04-11
691,33.122593,-117.173629,1,1,2020-04-11
692,33.125446,-117.183636,1,0,2020-04-11
693,33.143858,-117.190037,1,0,2020-04-11
694,33.171003,-117.160693,1,0,2020-04-11
695,33.157644,-117.201858,1,1,2020-04-11
696,33.141739,-117.211301,2,3,2020-04-11
697,33.125744,-117.195793,1,0,2020-04-11
698,33.140835,-117.137133,1,1,2020-04-11
699,33.133699,-117.127584,3,6,2020-04-11
700,33.131847,-117.213654,1,2,2020-04-11
701,33.163613,-117.188973,1,0,2020-04-11
702,33.125486,-117.176454,1,0,2020-04-11
703,33.146954,-117.133416,1,0,2020-04-11
704,33.106282,-117.225551,1,2,2020-04-11
705,33.138102,-117.175219,1,1,2020-04-11
706,33.121733,-117.145921,1,1,2020-04-11
707,33.113024,-117.226598,1,1,2020-04-11
708,33.140899,-117.164747,1,1,2020-04-11
709,33.141646,-117.138983,1,0,2020-04-11
710,33.132071,-117.221183,1,1,2020-04-11
711,33.138963,-117.193598,1,0,2020-04-11
712,33.150792,-117.197883,1,1,2020-04-11
713,33.114949,-117.226804,1,1,2020-04-11
714,33.157452,-117.158218,1,0,2020-04-11
715,33.128989,-117.138899,1,2,2020-04-11
716,33.132239,-117.180704,1,2,2020-04-11
717,33.157695,-117.188885,1,1,2020-04-11
718,33.129931,-117.160568,1,0,2020-04-11
719,33.102479,-117.180217,1,0,2020-04-11
720,33.136757,-117.171538,1,2,2020-04-11
721,33.125896,-117.184273,1,1,2020-04-11
722,33.127601,-117.174747,1,0,2020-04-11
723,33.142162,-117.138474,1,1,2020-04-11
724,33.125131,-117.177902,1,0,2020-04-11
725,33.120345,-117.168854,1,1,2020-04-11
726,33.132424,-117.121293,1,1,2020-04-11
727,33.102375,-117.185402,1,1,2020-04-11
728,33.099942,-117.219556,1,0,2020-04-11
729,33.119353,-117.178021,1,0,2020-04-11
730,33.135388,-117.129686,1,2,2020-04-11
731,33.139303,-117.152675,1,1,2020-04-11
732,33.14184,-117.158841,2,3,2020-04-11
733,33.106783,-117.173823,1,1,2020-04-11
734,33.163986,-117.188961,1,2,2020-04-11
735,33.15167,-117.143411,1,0,2020-04-11
736,33.144715,-117.206227,1,0,2020-04-11
737,33.130337,-117.220467,1,1,2020-04-11
738,33.115883,-117.143883,1,1,2020-04-11
739,33.136456,-117.133667,1,0,2020-04-11
740,33.127331,-117.187477,2,3,2020-04-11
741,33.151288,-117.207971,1,0,2020-04-11
742,33.150323,-117.16182,1,0,2020-04-11
743,33.155706,-117.158754,1,0,2020-04-11
744,33.1229,-117.167302,1,2,2020-04-11
745,33.144008,-117.190011,1,1,2020-04-11
746,33.152141,-117.179121,1,2,2020-04-11
747,33.14289,-117.155372,2,3,2020-04-11
748,33.133586,-117.192276,1,1,2020-04-11
749,33.119492,-117.1783,1,0,2020-04-11
750,33.120295,-117.220923,1,0,2020-04-11
751,33.102022,-117.182505,1,0,2020-04-11
752,33.179568,-117.152465,1,1,2020-04-11
753,33.141688,-117.210509,2,5,2020-04-11
754,33.1236,-117.222252,1,0,2020-04-11
755,33.151074,-117.158134,1,0,2020-04-11
756,33.131815,-117.158678,1,0,2020-04-11
757,33.139967,-117.168351,1,2,2020-04-11
758,33.136795,-117.13472,1,0,2020-04-11
759,33.100344,-117.204342,1,0,2020-04-11
760,33.138855,-117.142601,1,2,2020-04-11
761,33.134825,-117.153914,1,0,2020-04-11
762,33.132967,-117.214883,1,0,2020-04-11
763,33.12233,-117.179367,1,0,2020-04-11
764,33.130916,-117.200965,2,4,2020-04-11
765,33.150832,-117.159511,1,0,2020-04-11
766,33.121793,-117.170325,1,2,2020-04-11
767,33.144836,-117.184198,1,0,2020-04-11
768,33.146919,-117.196503,1,0,2020-04-11
769,33.102073,-117.192554,1,0,2020-04-11
770,33.099259,-117.199827,1,0,2020-04-11
771,33.119936,-117.146549,1,0,2020-04-11
772,33.139488,-117.1508,1,0,2020-04-11
773,33.130779,-117.186467,2,3,2020-04-11
774,33.094281,-117.206585,1,0,2020-04-11
775,33.116882,-117.163461,1,1,2020-04-11
776,33.150068,-117.146008,1,0,2020-04-11
777,33.12284,-117.167516,1,0,2020-04-11
778,33.138334,-117.158171,1,0,2020-04-11
779,33.138401,-117.141209,1,0,2020-04-11
780,33.101923,-117.192904,1,0,2020-04-11
781,33.150539,-117.132294,1,2,2020-04-11
782,33.109123,-117.164175,1,0,2020-04-11
783,33.128518,-117.228022,1,0,2020-04-11
784,33.136447,-117.182033,1,0,2020-04-11
785,33.138175,-117.116731,1,0,2020-04-11
786,33.13492,-117.206079,1,0,2020-04-11
787,33.146961,-117.136654,1,0,2020-04-11
788,33.146225,-117.210518,2,4,2020-04-11
789,33.128786,-117.178494,1,2,2020-04-11
790,33.124927,-117.145127,1,0,2020-04-11
791,33.112365,-117.163727,1,0,2020-04-11
792,33.128342,-117.227938,1,0,2020-04-11
793,33.127969,-117.177285,1,0,2020-04-11
794,33.167923,-117.152443,1,1,2020-04-11
795,33.147531,-117.191083,1,0,2020-04-11
796,33.102401,-117.180137,1,0,2020-04-11
797,33.119003,-117.168308,1,0,2020-04-11
798,33.142035,-117.160355,1,1,2020-04-11
799,33.127505,-117.144847,1,1,2020-04-11
800,33.117712,-117.146399,1,0,2020-04-11
801,33.138504,-117.219704,1,0,2020-04-11
802,33.118772,-117.164529,1,0,2020-04-11
803,33.127647,-117.182617,1,1,2020-04-11
804,33.135817,-117.146778,2,3,2020-04-11
805,33.128914,-117.222527,2,3,2020-04-11
806,33.160622,-117.182053,1,0,2020-04-11
807,33.149879,-117.149545,1,1,2020-04-11
808,33.137371,-117.161158,1,1,2020-04-11
809,33.153336,-117.175462,1,0,2020-04-11
810,33.12515,-117.178504,1,0,2020-04-11
811,33.11592,-117.144336,1,2,2020-04-11
812,33.133996,-117.154007,1,0,2020-04-11
813,33.12269,-117.163669,1,0,2020-04-11
814,33.156865,-117.177848,1,0,2020-04-11
815,33.142582,-117.20974,1,0,2020-04-11
816,33.151531,-117.181282,1,0,2020-04-11
817,33.159932,-117.180587,1,0,2020-04-11
818,33.152976,-117.195573,1,0,2020-04-11
819,33.127699,-117.148188,1,0,2020-04-11
820,33.137831,-117.136952,1,0,2020-04-11
821,33.133161,-117.126798,1,0,2020-04-11
822,33.119383,-117.178044,1,0,2020-04-11
823,33.105981,-117.225535,1,0,2020-04-11
824,33.132306,-117.121193,1,0,2020-04-11
825,33.137268,-117.194619,1,0,2020-04-11
826,33.147329,-117.133373,1,0,2020-04-11
827,33.135618,-117.185107,1,0,2020-04-11
828,33.119391,-117.168658,1,0,2020-04-11
829,33.129555,-117.186462,1,0,2020-04-11
830,33.123051,-117.219543,1,1,2020-04-11
831,33.131395,-117.228198,1,0,2020-04-11
832,33.142332,-117.156658,1,2,2020-04-11
833,33.145298,-117.147587,2,3,2020-04-11
834,33.177883,-117.146744,1,0,2020-04-11
835,33.120249,-117.165866,2,3,2020-04-11
836,33.102198,-117.183525,1,0,2020-04-11
837,33.15209,-117.180184,2,3,2020-04-11
838,33.163293,-117.150741,1,0,2020-04-11
839,33.127563,-117.190201,1,0,2020-04-11
840,33.14575,-117.133925,1,0,2020-04-11
841,33.154964,-117.177467,1,0,2020-04-11
842,33.139732,-117.144547,1,0,2020-04-11
843,33.133131,-117.120712,1,0,2020-04-11
844,33.133188,-117.120855,1,1,2020-04-11
845,33.13245,-117.212639,1,1,2020-04-11
846,33.142148,-117.180471,1,0,2020-04-11
847,33.142258,-117.188321,1,2,2020-04-11
848,33.107477,-117.165631,1,0,2020-04-11
849,33.154587,-117.140572,2,4,2020-04-11
850,33.118857,-117.164619,1,0,2020-04-11
851,33.143321,-117.190428,1,0,2020-04-11
852,33.14626,-117.133638,1,0,2020-04-11
853,33.101043,-117.19685,1,0,2020-04-11
854,33.128345,-117.220001,1,0,2020-04-11
855,33.144015,-117.144866,1,0,2020-04-11
856,33.119402,-117.163737,1,1,2020-04-11
857,33.129204,-117.192436,1,0,2020-04-11
858,33.138321,-117.11663,1,0,2020-04-11
859,33.160862,-117.151627,1,0,2020-04-11
860,33.140066,-117.151552,1,0,2020-04-11
861,33.094358,-117.204599,1,1,2020-04-11
862,33.146366,-117.12224,1,0,2020-04-11
863,33.142887,-117.180038,1,0,2020-04-11
864,33.128075,-117.177222,1,2,2020-04-11
865,33.106915,-117.17349,1,0,2020-04-11
866,33.145615,-117.174881,1,1,2020-04-11
867,33.152172,-117.129343,1,0,2020-04-11
868,33.134176,-117.126517,1,1,2020-04-11
869,33.128847,-117.113666,1,1,2020-04-11
870,33.154418,-117.189525,1,0,2020-04-11
871,33.120628,-117.162642,1,2,2020-04-11
872,33.125377,-117.192595,1,1,2020-04-11
873,33.124439,-117.177788,2,4,2020-04-11
874,33.137224,-117.161051,1,0,2020-04-11
875,33.156826,-117.131599,2,3,2020-04-11
876,33.165891,-117.151569,1,1,2020-04-11
877,33.119665,-117.165444,1,0,2020-04-11
878,33.100028,-117.198248,1,1,2020-04-11
879,33.139463,-117.161169,1,0,2020-04-11
880,33.122919,-117.146012,1,0,2020-04-11
881,33.130875,-117.219452,1,0,2020-04-11
882,33.097547,-117.199321,1,2,2020-04-11
883,33.0976,-117.211461,2,3,2020-04-11
884,33.113283,-117.226512,1,1,2020-04-11
885,33.128953,-117.139275,1,0,2020-04-11
886,33.156425,-117.144549,1,1,2020-04-11
887,33.141059,-117.164715,1,2,2020-04-11
888,33.141125,-117.21315,1,0,2020-04-11
889,33.156885,-117.129074,1,0,2020-04-11
890,33.159752,-117.155258,1,0,2020-04-11
891,33.111226,-117.225416,1,0,2020-04-11
892,33.117519,-117.146195,1,1,2020-04-11
893,33.130476,-117.186354,1,0,2020-04-11
894,33.126453,-117.213725,1,0,2020-04-11
895,33.146656,-117.138757,1,0,2020-04-11
896,33.132582,-117.211321,1,1,2020-04-11
897,33.099659,-117.202166,1,0,2020-04-11
898,33.120781,-117.146586,1,2,2020-04-11
899,33.115764,-117.22638,1,0,2020-04-11
900,33.107423,-117.172377,1,0,2020-04-11
901,33.122677,-117.191261,1,0,2020-04-11
902,33.179492,-117.157346,1,0,2020-04-11
903,33.126312,-117.183189,1,0,2020-04-11
904,33.123717,-117.221429,1,0,2020-04-11
905,33.148393,-117.197449,1,0,2020-04-11
906,33.142545,-117.188442,1,0,2020-04-11
907,33.136639,-117.134323,1,0,2020-04-11
908,33.149147,-117.188527,1,0,2020-04-11
909,33.146621,-117.138863,1,0,2020-04-11
910,33.152917,-117.195906,2,3,2020-04-11
911,33.127302,-117.165635,1,2,2020-04-11
912,33.105352,-117.225217,1,2,2020-04-11
913,33.125786,-117.195457,1,1,2020-04-11
914,33.144039,-117.197906,1,0,2020-04-11
915,33.129263,-117.222629,1,1,2020-04-11
916,33.150589,-117.188684,2,4,2020-04-11
917,33.160709,-117.182499,1,0,2020-04-11
918,33.138837,-117.156254,1,0,2020-04-11
919,33.101913,-117.193494,1,2,2020-04-11
920,33.105722,-117.175186,1,0,2020-04-11
921,33.131711,-117.208977,1,0,2020-04-11
922,33.186462,-117.156227,1,0,2020-04-11
923,33.119545,-117.164837,1,0,2020-04-11
924,33.141586,-117.212143,1,1,2020-04-11
925,33.13863,-117.217133,1,2,2020-04-11
926,33.118885,-117.168036,1,0,2020-04-11
927,33.157703,-117.158073,1,0,2020-04-11
928,33.151537,-117.202694,1,2,2020-04-11
929,33.139368,-117.179748,1,2,2020-04-11
930,33.131546,-117.228101,1,0,2020-04-11
931,33.121464,-117.178726,1,0,2020-04-11
932,33.131555,-117.208245,1,0,2020-04-11
933,33.100053,-117.21735,1,1,2020-04-11
934,33.151103,-117.157819,1,0,2020-04-11
935,33.144275,-117.145364,1,0,2020-04-11
936,33.126167,-117.179329,1,0,2020-04-11
937,33.155483,-117.130072,1,2,2020-04-11
938,33.107533,-117.172277,1,1,2020-04-11
939,33.102586,-117.179748,1,0,2020-04-11
940,33.12282,-117.162585,1,0,2020-04-11
941,33.140828,-117.195285,1,0,2020-04-11
942,33.152961,-117.195811,1,0,2020-04-11
943,33.140344,-117.121215,1,1,2020-04-11
944,33.14534,-117.185586,1,0,2020-04-11
945,33.10752,-117.170862,1,0,2020-04-11
946,33.125999,-117.184486,1,1,2020-04-11
947,33.141577,-117.189983,1,2,2020-04-11
948,33.144505,-117.195976,1,0,2020-04-11
949,33.164169,-117.150421,1,0,2020-04-11
950,33.12349,-117.145556,1,0,2020-04-11
951,33.142205,-117.160522,3,6,2020-04-11
952,33.14219,-117.160457,1,0,2020-04-11
953,33.15359,-117.176261,1,0,2020-04-11
954,33.154386,-117.158917,1,0,2020-04-11
955,33.150738,-117.192188,1,1,2020-04-11
956,33.096806,-117.20181,1,0,2020-04-11
957,33.127333,-117.173499,1,0,2020-04-11
958,33.146886,-117.189897,1,0,2020-04-11
959,33.115537,-117.226625,1,1,2020-04-11
960,33.120647,-117.221283,1,2,2020-04-11
961,33.155481,-117.143166,1,0,2020-04-11
962,33.141125,-117.164279,1,0,2020-04-11
963,33.132193,-117.180601,1,0,2020-04-11
964,33.161163,-117.151604,1,0,2020-04-11
965,33.122292,-117.16611,1,1,2020-04-11
966,33.139975,-117.151964,2,4,2020-04-11
967,33.105762,-117.175287,1,0,2020-04-11
968,33.150151,-117.155709,1,1,2020-04-11
969,33.124481,-117.165919,1,0,2020-04-11
970,33.144852,-117.184328,1,0,2020-04-11
971,33.123386,-117.195518,1,0,2020-04-11
972,33.125839,-117.178429,1,0,2020-04-11
973,33.097209,-117.197493,1,0,2020-04-11
974,33.12273,-117.1791,1,1,2020-04-11
975,33.13921,-117.153121,1,1,2020-04-11
976,33.129065,-117.228543,1,1,2020-04-11
977,33.144288,-117.198602,1,1,2020-04-11
978,33.129539,-117.218727,1,1,2020-04-11
979,33.131576,-117.227372,1,0,2020-04-11
980,33.12195,-117.224309,1,1,2020-04-11
981,33.120009,-117.168763,1,0,2020-04-11
982,33.094616,-117.207907,1,0,2020-04-11
983,33.158298,-117.157463,1,2,2020-04-11
984,33.140959,-117.163976,1,0,2020-04-11
985,33.142519,-117.191787,1,0,2020-04-11
986,33.145104,-117.192061,1,0,2020-04-11
987,33.123017,-117.174163,1,0,2020-04-11
988,33.138433,-117.116864,1,0,2020-04-11
989,33.157143,-117.12986,1,0,2020-04-11
990,33.133178,-117.213983,1,0,2020-04-11
991,33.14217,-117.18763,1,2,2020-04-11
992,33.152294,-117.19694,1,1,2020-04-11
993,33.127596,-117.143073,1,0,2020-04-11
994,33.099259,-117.199826,1,1,2020-04-11
995,33.131287,-117.159414,1,1,2020-04-11
996,33.15303,-117.131142,1,2,2020-04-11
997,33.140928,-117.163628,1,0,2020-04-11
998,33.143051,-117.164464,1,0,2020-04-11
999,33.141408,-117.171566,1,0,2020-04-11
1000,33.13929,-117.143657,1,0,2020-04-11
1001,33.161594,-117.204982,1,0,2020-04-11
1002,33.156517,-117.205579,1,2,2020-04-11
1003,33.120251,-117.178993,1,1,2020-04-11
1004,33.150905,-117.159353,1,1,2020-04-11
1005,33.14891,-117.188768,2,3,2020-04-11
1006,33.151071,-117.157364,1,0,2020-04-11
1007,33.102105,-117.187828,1,0,2020-04-11
1008,33.146988,-117.196533,1,0,2020-04-11
1009,33.127918,-117.188538,1,0,2020-04-11
1010,33.145395,-117.173798,1,0,2020-04-11
1011,33.121841,-117.145867,1,0,2020-04-11
1012,33.108119,-117.164698,1,0,2020-04-11
1013,33.176586,-117.145981,1,0,2020-04-11
1014,33.133832,-117.154528,1,0,2020-04-11
1015,33.1455,-117.195473,1,1,2020-04-11
1016,33.120021,-117.221293,1,1,2020-04-11
1017,33.137151,-117.118321,1,0,2020-04-11
1018,33.135938,-117.136297,1,0,2020-04-11
1019,33.144194,-117.201562,1,0,2020-04-11
1020,33.11308,-117.226436,1,1,2020-04-11
1021,33.111544,-117.225706,1,0,2020-04-11
1022,33.151333,-117.202797,1,0,2020-04-11
1023,33.145836,-117.122467,1,2,2020-04-11
1024,33.105956,-117.225355,1,1,2020-04-11
1025,33.131042,-117.219612,1,0,2020-04-11
1026,33.140601,-117.13977,1,0,2020-04-11
1027,33.125938,-117.182991,1,0,2020-04-11
1028,33.129833,-117.215368,1,0,2020-04-11
1029,33.123577,-117.176643,1,1,2020-04-11
1030,33.145153,-117.146779,1,1,2020-04-11
1031,33.139494,-117.150296,1,0,2020-04-11
1032,33.121543,-117.169966,1,0,2020-04-11
1033,33.138611,-117.134169,1,0,2020-04-11
1034,33.149663,-117.198526,1,0,2020-04-11
1035,33.117291,-117.177993,1,0,2020-04-11
1036,33.125125,-117.178408,1,0,2020-04-11
1037,33.154305,-117.177109,1,0,2020-04-11
1038,33.128091,-117.160722,1,1,2020-04-11
1039,33.156689,-117.206004,2,3,2020-04-11
1040,33.152648,-117.201364,1,0,2020-04-11
1041,33.136223,-117.150078,1,2,2020-04-11
1042,33.135925,-117.132027,1,1,2020-04-11
1043,33.127721,-117.175634,2,4,2020-04-11
1044,33.140117,-117.192987,1,1,2020-04-11
1045,33.143,-117.136918,1,2,2020-04-11
1046,33.123052,-117.227818,1,0,2020-04-11
1047,33.120854,-117.162517,1,0,2020-04-11
1048,33.116767,-117.225716,1,2,2020-04-11
1049,33.127415,-117.227115,1,0,2020-04-11
1050,33.16629,-117.151863,1,0,2020-04-11
1051,33.150928,-117.156898,1,1,2020-04-11
1052,33.134964,-117.188041,1,0,2020-04-11
1053,33.124964,-117.2272,1,1,2020-04-11
1054,33.138145,-117.179482,2,3,2020-04-11
1055,33.121661,-117.22663,1,0,2020-04-11
1056,33.141686,-117.21064,1,1,2020-04-11
1057,33.155399,-117.142785,1,0,2020-04-11
1058,33.1848,-117.154981,1,2,2020-04-11
1059,33.100161,-117.217358,1,1,2020-04-11
1060,33.144836,-117.195824,1,0,2020-04-11
1061,33.102028,-117.190409,1,2,2020-04-11
1062,33.160739,-117.184778,1,0,2020-04-11
1063,33.146724,-117.138736,1,0,2020-04-11
1064,33.147503,-117.133594,1,0,2020-04-11
1065,33.175348,-117.146817,2,3,2020-04-11
1066,33.127768,-117.227398,1,0,2020-04-11
1067,33.15775,-117.207054,1,1,2020-04-11
1068,33.119862,-117.165105,1,0,2020-04-11
1069,33.152717,-117.176704,1,0,2020-04-11
1070,33.128211,-117.149255,2,5,2020-04-11
1071,33.104335,-117.224859,1,1,2020-04-11
1072,33.122798,-117.146012,1,2,2020-04-11
1073,33.149921,-117.149353,1,0,2020-04-11
1074,33.12722,-117.190857,1,2,2020-04-11
1075,33.132398,-117.125929,1,1,2020-04-11
1076,33.128375,-117.177892,2,4,2020-04-11
1077,33.122831,-117.174021,1,0,2020-04-11
1078,33.12619,-117.179688,1,2,2020-04-11
1079,33.143801,-117.191334,1,2,2020-04-11
1080,33.11705,-117.225446,1,0,2020-04-11
1081,33.139706,-117.144867,1,2,2020-04-11
1082,33.131771,-117.220016,1,0,2020-04-11
1083,33.142113,-117.198891,1,2,2020-04-11
1084,33.116365,-117.226221,1,1,2020-04-11
1085,33.093128,-117.194344,1,1,2020-04-11
1086,33.144951,-117.123512,1,2,2020-04-11
1087,33.107528,-117.171838,2,3,2020-04-11
1088,33.169572,-117.152985,1,1,2020-04-11
1089,33.135773,-117.181793,1,0,2020-04-11
1090,33.149547,-117.132705,1,0,2020-04-11
1091,33.143773,-117.154067,1,0,2020-04-11
1092,33.132997,-117.213131,1,1,2020-04-11
1093,33.138883,-117.141904,1,0,2020-04-11
1094,33.150816,-117.192393,1,0,2020-04-11
1095,33.137439,-117.193047,1,2,2020-04-11
1096,33.101264,-117.205965,1,0,2020-04-11
1097,33.095174,-117.202797,2,4,2020-04-11
1098,33.148262,-117.197479,3,6,2020-04-11
1099,33.126701,-117.180107,1,0,2020-04-11
1100,33.122754,-117.162661,1,0,2020-04-11
1101,33.122164,-117.162344,1,0,2020-04-11
1102,33.104226,-117.224532,1,2,2020-04-11
1103,33.141472,-117.212509,1,0,2020-04-11
1104,33.178358,-117.157809,1,0,2020-04-11
1105,33.163647,-117.1506,2,3,2020-04-11
1106,33.143579,-117.189937,1,0,2020-04-11
1107,33.106488,-117.225389,1,0,2020-04-11
1108,33.157166,-117.201083,1,1,2020-04-11
1109,33.122688,-117.163759,1,0,2020-04-11
1110,33.156543,-117.129439,1,0,2020-04-11
1111,33.123596,-117.193153,1,0,2020-04-11
1112,33.145744,-117.122566,1,0,2020-04-11
1113,33.155493,-117.18945,1,0,2020-04-11
1114,33.145184,-117.123291,1,0,2020-04-11
1115,33.124008,-117.227492,2,3,2020-04-11
1116,33.152121,-117.197164,2,3,2020-04-11
1117,33.141551,-117.19242,1,0,2020-04-11
1118,33.097482,-117.201364,1,0,2020-04-11
1119,33.122079,-117.145819,1,0,2020-04-11
1120,33.12268,-117.166215,2,3,2020-04-11
1121,33.152712,-117.170143,1,0,2020-04-11
1122,33.151061,-117.193464,1,0,2020-04-11
1123,33.134961,-117.154124,1,0,2020-04-11
1124,33.109447,-117.163936,1,2,2020-04-11
1125,33.172159,-117.155824,1,0,2020-04-11
1126,33.135506,-117.129382,1,0,2020-04-11
1127,33.12571,-117.178482,1,1,2020-04-11
1128,33.121883,-117.169557,1,0,2020-04-11
1129,33.155593,-117.189563,1,1,2020-04-11
1130,33.17697,-117.158453,1,0,2020-04-11
1131,33.145197,-117.185208,1,0,2020-04-11
1132,33.130042,-117.179541,1,2,2020-04-11
1133,33.153433,-117.17611,1,2,2020-04-11
1134,33.09445,-117.20725,1,1,2020-04-11
1135,33.150848,-117.193167,1,1,2020-04-11
1136,33.13897,-117.141628,1,1,2020-04-11
1137,33.135827,-117.1949,1,1,2020-04-11
1138,33.133224,-117.12706,1,2,2020-04-11
1139,33.148574,-117.19658,1,1,2020-04-11
1140,33.130398,-117.160302,1,0,2020-04-11
1141,33.1539,-117.176689,1,2,2020-04-11
1142,33.122696,-117.163359,1,0,2020-04-11
1143,33.145406,-117.189339,1,1,2020-04-11
1144,33.137666,-117.177388,1,0,2020-04-11
1145,33.128456,-117.220886,1,0,2020-04-11
1146,33.126168,-117.214288,1,0,2020-04-11
1147,33.128593,-117.140637,1,0,2020-04-11
1148,33.122655,-117.162669,1,0,2020-04-11
1149,33.166149,-117.152748,1,1,2020-04-11
1150,33.118667,-117.166727,1,2,2020-04-11
1151,33.119525,-117.16465,1,0,2020-04-11
1152,33.12648,-117.180038,1,0,2020-04-11
1153,33.115352,-117.226702,1,0,2020-04-11
1154,33.15128,-117.167991,1,0,2020-04-11
1155,33.138487,-117.219779,1,0,2020-04-11
1156,33.141832,-117.210135,1,0,2020-04-11
1157,33.136928,-117.118547,1,0,2020-04-11
1158,33.123022,-117.145975,2,5,2020-04-11
1159,33.118915,-117.164856,1,2,2020-04-11
1160,33.149487,-117.198532,1,0,2020-04-11
1161,33.13663,-117.194838,1,0,2020-04-11
1162,33.144038,-117.153487,1,1,2020-04-11
1163,33.137718,-117.176464,1,0,2020-04-11
1164,33.128398,-117.189503,1,1,2020-04-11
1165,33.138977,-117.142998,1,0,2020-04-11
1166,33.131823,-117.180228,1,0,2020-04-11
1167,33.132934,-117.156943,1,1,2020-04-11
1168,33.123676,-117.222008,1,0,2020-04-11
1169,33.095822,-117.202158,1,1,2020-04-11
1170,33.134987,-117.198097,1,2,2020-04-11
1171,33.139634,-117.17076,1,0,2020-04-11
1172,33.140533,-117.213837,1,0,2020-04-11
1173,33.138861,-117.134645,1,2,2020-04-11
1174,33.14915,-117.190268,1,1,2020-04-11
1175,33.123121,-117.14591,1,1,2020-04-11
1176,33.135941,-117.200333,1,1,2020-04-11
1177,33.132439,-117.210945,1,0,2020-04-11
1178,33.141616,-117.190535,1,2,2020-04-11
1179,33.127451,-117.166154,1,1,2020-04-11
1180,33.15125,-117.167747,1,0,2020-04-11
1181,33.142986,-117.174156,1,2,2020-04-11
1182,33.151345,-117.189051,1,2,2020-04-11
1183,33.120397,-117.221055,1,0,2020-04-11
1184,33.122687,-117.173844,1,1,2020-04-11
1185,33.102192,-117.18704,1,2,2020-04-11
1186,33.140447,-117.136428,1,2,2020-04-11
1187,33.139904,-117.1773,1,1,2020-04-11
1188,33.153084,-117.207176,1,2,2020-04-11
1189,33.141716,-117.210327,1,2,2020-04-11
1190,33.119943,-117.165659,1,2,2020-04-11
1191,33.139496,-117.144389,2,3,2020-04-11
1192,33.134394,-117.119981,1,0,2020-04-11
1193,33.148586,-117.181419,1,0,2020-04-11
1194,33.122688,-117.163782,1,0,2020-04-11
1195,33.128301,-117.149468,1,2,2020-04-11
1196,33.152241,-117.131813,1,1,2020-04-11
1197,33.146979,-117.136811,1,0,2020-04-11
1198,33.094342,-117.207285,1,0,2020-04-11
1199,33.119821,-117.163381,1,0,2020-04-11
1200,33.135472,-117.133583,1,1,2020-04-11
1201,33.152903,-117.176513,1,0,2020-04-11
1202,33.145118,-117.148296,1,0,2020-04-11
1203,33.138685,-117.173684,1,0,2020-04-11
1204,33.123528,-117.175812,1,1,2020-04-11
1205,33.12712,-117.191803,1,1,2020-04-11
1206,33.127396,-117.181236,1,0,2020-04-11
1207,33.152003,-117.19725,1,1,2020-04-11
1208,33.13575,-117.200256,1,0,2020-04-11
1209,33.127022,-117.185638,1,0,2020-04-11
1210,33.156548,-117.158638,1,0,2020-04-11
1211,33.147228,-117.210007,1,0,2020-04-11
1212,33.130175,-117.16045,1,0,2020-04-11
1213,33.094424,-117.20405,1,0,2020-04-11
1214,33.158928,-117.148979,1,2,2020-04-11
1215,33.151797,-117.169175,1,0,2020-04-11
1216,33.133696,-117.120538,2,4,2020-04-11
1217,33.165968,-117.152926,1,1,2020-04-11
1218,33.137297,-117.162106,1,1,2020-04-11
1219,33.133862,-117.147305,1,2,2020-04-11
1220,33.130489,-117.122565,3,6,2020-04-11
1221,33.12731,-117.172433,1,0,2020-04-11
1222,33.117268,-117.178366,1,0,2020-04-11
1223,33.143016,-117.166058,1,0,2020-04-11
1224,33.133027,-117.213521,1,1,2020-04-11
1225,33.148449,-117.209412,3,7,2020-04-11
1226,33.094872,-117.203184,1,0,2020-04-11
1227,33.138161,-117.159073,1,0,2020-04-11
1228,33.153493,-117.176061,1,0,2020-04-11
1229,33.141647,-117.124008,1,0,2020-04-11
1230,33.15205,-117.194807,1,2,2020-04-11
1231,33.123398,-117.222603,1,1,2020-04-11
1232,33.116296,-117.226076,1,2,2020-04-11
1233,33.145142,-117.147773,1,0,2020-04-11
1234,33.134792,-117.129461,1,1,2020-04-11
1235,33.149596,-117.188658,2,5,2020-04-11
1236,33.124946,-117.178742,1,0,2020-04-11
1237,33.169193,-117.153473,1,1,2020-04-11
1238,33.122738,-117.191048,1,1,2020-04-11
1239,33.132634,-117.157424,1,0,2020-04-11
1240,33.148315,-117.195785,2,3,2020-04-11
1241,33.140182,-117.143333,1,1,2020-04-11
1242,33.147437,-117.130821,1,2,2020-04-11
1243,33.122686,-117.163125,1,0,2020-04-11
1244,33.135506,-117.132999,1,0,2020-04-11
1245,33.124226,-117.219597,1,0,2020-04-11
1246,33.134496,-117.127702,1,0,2020-04-11
1247,33.142038,-117.15811,1,0,2020-04-11
1248,33.139623,-117.151479,2,3,2020-04-11
1249,33.121315,-117.162404,1,0,2020-04-11
1250,33.131605,-117.15899,2,3,2020-04-11
1251,33.1415,-117.139003,2,3,2020-04-11
1252,33.138557,-117.174252,1,0,2020-04-11
1253,33.140958,-117.162041,2,3,2020-04-11
1254,33.125927,-117.18866,1,2,2020-04-11
1255,33.120933,-117.192257,1,2,2020-04-11
1256,33.123616,-117.19043,1,2,2020-04-11
1257,33.142741,-117.189263,1,0,2020-04-11
1258,33.143041,-117.198404,1,0,2020-04-11
1259,33.152603,-117.144257,2,4,2020-04-11
1260,33.166214,-117.160607,1,0,2020-04-11
1261,33.144703,-117.150387,1,1,2020-04-11
1262,33.129682,-117.151261,1,0,2020-04-11
1263,33.152986,-117.170586,1,0,2020-04-11
1264,33.14994,-117.188501,1,2,2020-04-11
1265,33.124565,-117.177849,2,4,2020-04-11
1266,33.132611,-117.197027,1,1,2020-04-11
1267,33.099948,-117.202737,1,0,2020-04-11
1268,33.117977,-117.16408,1,0,2020-04-11
1269,33.125114,-117.17717,2,3,2020-04-11
1270,33.121185,-117.188475,1,1,2020-04-11
1271,33.133024,-117.12683,1,0,2020-04-11
1272,33.133121,-117.212983,1,1,2020-04-11
1273,33.16485,-117.188813,1,0,2020-04-11
1274,33.140431,-117.174897,1,1,2020-04-11
1275,33.117339,-117.145943,1,0,2020-04-11
1276,33.141605,-117.190524,1,2,2020-04-11
1277,33.117332,-117.177899,1,0,2020-04-11
1278,33.142021,-117.138634,1,0,2020-04-11
1279,33.126323,-117.226831,1,0,2020-04-11
1280,33.145585,-117.189459,1,1,2020-04-11
1281,33.128422,-117.189484,1,0,2020-04-11
1282,33.102361,-117.186353,1,0,2020-04-11
1283,33.130203,-117.221291,1,2,2020-04-11
1284,33.137993,-117.132803,1,0,2020-04-11
1285,33.144846,-117.146033,2,3,2020-04-11
1286,33.127407,-117.19043,1,2,2020-04-11
1287,33.125404,-117.191795,1,0,2020-04-11
1288,33.151899,-117.122031,1,0,2020-04-11
1289,33.145252,-117.147201,1,2,2020-04-11
1290,33.122925,-117.16697,1,1,2020-04-11
1291,33.113715,-117.226636,1,0,2020-04-11
1292,33.12709,-117.187599,1,1,2020-04-11
1293,33.108705,-117.164384,1,0,2020-04-11
1294,33.142021,-117.160668,1,0,2020-04-11
1295,33.174093,-117.159525,1,1,2020-04-11
1296,33.138544,-117.134335,1,0,2020-04-11
1297,33.135797,-117.146762,1,2,2020-04-11
1298,33.123718,-117.221413,1,0,2020-04-11
1299,33.158232,-117.188839,1,0,2020-04-11
1300,33.13631,-117.181981,1,0,2020-04-11
1301,33.097022,-117.197107,1,0,2020-04-11
1302,33.167938,-117.15181,1,0,2020-04-11
1303,33.149897,-117.147788,1,0,2020-04-11
1304,33.140785,-117.162938,1,0,2020-04-11
1305,33.164585,-117.150459,1,0,2020-04-11
1306,33.140827,-117.195282,1,0,2020-04-11
1307,33.095785,-117.202411,1,0,2020-04-11
1308,33.127773,-117.189987,1,1,2020-04-11
1309,33.151459,-117.208023,1,0,2020-04-11
1310,33.100053,-117.215713,1,1,2020-04-11
1311,33.146738,-117.138951,1,1,2020-04-11
1312,33.136301,-117.182017,1,0,2020-04-11
1313,33.159652,-117.180257,1,1,2020-04-11
1314,33.124336,-117.179001,1,2,2020-04-11
1315,33.152763,-117.161585,1,2,2020-04-11
1316,33.119909,-117.221181,1,0,2020-04-11
1317,33.134402,-117.126686,1,0,2020-04-11
1318,33.094859,-117.208084,2,3,2020-04-11
1319,33.145139,-117.14804,1,0,2020-04-11
1320,33.146941,-117.138897,1,0,2020-04-11
1321,33.127419,-117.18644,1,0,2020-04-11
1322,33.122784,-117.190788,1,0,2020-04-11
1323,33.146395,-117.183955,1,0,2020-04-11
1324,33.135372,-117.147247,2,3,2020-04-11
1325,33.128926,-117.137918,1,0,2020-04-11
1326,33.099931,-117.202684,1,0,2020-04-11
1327,33.145289,-117.162511,1,0,2020-04-11
1328,33.141362,-117.189908,1,0,2020-04-11
1329,33.101938,-117.192565,1,0,2020-04-11
1330,33.148987,-117.198941,1,1,2020-04-11
1331,33.131193,-117.201124,3,6,2020-04-11
1332,33.141987,-117.157346,1,2,2020-04-11
1333,33.138254,-117.194019,1,0,2020-04-11
1334,33.121567,-117.178879,1,0,2020-04-11
1335,33.126953,-117.193863,1,2,2020-04-11
1336,33.122299,-117.16629,1,0,2020-04-11
1337,33.135052,-117.147319,1,2,2020-04-11
1338,33.135686,-117.13375,1,0,2020-04-11
1339,33.147453,-117.190979,1,1,2020-04-11
1340,33.139464,-117.170174,1,0,2020-04-11
1341,33.122833,-117.167511,1,0,2020-04-11
1342,33.118602,-117.166405,1,0,2020-04-11
1343,33.148447,-117.197475,1,0,2020-04-11
1344,33.163366,-117.160839,1,0,2020-04-11
1345,33.122643,-117.228157,1,1,2020-04-11
1346,33.160401,-117.181406,1,1,2020-04-11
1347,33.119161,-117.177875,1,0,2020-04-11
1348,33.120892,-117.191238,1,1,2020-04-11
1349,33.107611,-117.171856,1,0,2020-04-11
1350,33.10011,-117.220622,1,1,2020-04-11
1351,33.126999,-117.193741,1,1,2020-04-11
1352,33.1221,-117.165647,1,0,2020-04-11
1353,33.1357,-117.178457,1,2,2020-04-11
1354,33.099573,-117.198526,1,1,2020-04-11
1355,33.126992,-117.226902,1,0,2020-04-11
1356,33.132133,-117.180531,1,0,2020-04-11
1357,33.125443,-117.218971,1,0,2020-04-11
1358,33.135746,-117.192289,1,0,2020-04-11
1359,33.102815,-117.179549,1,0,2020-04-11
1360,33.10033,-117.198454,1,1,2020-04-11
1361,33.098712,-117.199038,1,0,2020-04-11
1362,33.12746,-117.147093,1,0,2020-04-11
1363,33.15109,-117.140933,1,0,2020-04-11
1364,33.172176,-117.155853,1,0,2020-04-11
1365,33.140266,-117.136395,1,1,2020-04-11
1366,33.168209,-117.151739,2,3,2020-04-11
1367,33.131501,-117.200134,1,0,2020-04-11
1368,33.150674,-117.197996,1,0,2020-04-11
1369,33.145007,-117.146843,1,0,2020-04-11
1370,33.126762,-117.185303,1,0,2020-04-11
1371,33.165329,-117.153557,1,2,2020-04-11
1372,33.149105,-117.18132,1,0,2020-04-11
1373,33.149639,-117.18848,1,1,2020-04-11
1374,33.134352,-117.127098,1,2,2020-04-11
1375,33.092327,-117.193626,1,1,2020-04-11
1376,33.148451,-117.190725,1,0,2020-04-11
1377,33.131796,-117.221968,1,0,2020-04-11
1378,33.154771,-117.189542,1,2,2020-04-11
1379,33.124878,-117.219414,1,0,2020-04-11
1380,33.122523,-117.173116,1,0,2020-04-11
1381,33.094965,-117.203252,1,1,2020-04-11
1382,33.133607,-117.147223,1,2,2020-04-11
1383,33.154388,-117.161226,1,0,2020-04-11
1384,33.1377,-117.11759,1,0,2020-04-11
1385,33.095483,-117.202471,1,0,2020-04-11
1386,33.160728,-117.188673,1,1,2020-04-11
1387,33.141582,-117.180763,1,0,2020-04-11
1388,33.138175,-117.194007,1,0,2020-04-11
1389,33.097813,-117.19981,1,0,2020-04-11
1390,33.172199,-117.160282,1,1,2020-04-11
1391,33.132549,-117.180557,1,0,2020-04-11
1392,33.128998,-117.13764,1,0,2020-04-11
1393,33.122908,-117.162526,1,0,2020-04-11
1394,33.140022,-117.126534,2,3,2020-04-11
1395,33.117574,-117.163689,1,1,2020-04-11
1396,33.158835,-117.156632,1,0,2020-04-11
1397,33.142114,-117.198894,1,2,2020-04-11
1398,33.131319,-117.208467,1,1,2020-04-11
1399,33.144493,-117.130707,1,2,2020-04-11
1400,33.09521,-117.195502,1,0,2020-04-11
1401,33.12746,-117.168256,1,1,2020-04-11
1402,33.120493,-117.146511,1,1,2020-04-11
1403,33.151176,-117.142647,1,0,2020-04-11
1404,33.101233,-117.196144,1,0,2020-04-11
1405,33.121987,-117.165825,1,2,2020-04-11
1406,33.134939,-117.128862,1,0,2020-04-11
1407,33.151588,-117.143283,1,0,2020-04-11
1408,33.148747,-117.189611,1,2,2020-04-11
1409,33.127838,-117.188332,1,0,2020-04-11
1410,33.148157,-117.188954,1,0,2020-04-11
1411,33.125671,-117.183777,2,5,2020-04-11
1412,33.140099,-117.214447,1,2,2020-04-11
1413,33.098331,-117.20066,1,0,2020-04-11
1414,33.175772,-117.159007,1,0,2020-04-11
1415,33.128326,-117.187248,1,0,2020-04-11
1416,33.139842,-117.183051,1,0,2020-04-11
1417,33.122069,-117.166116,1,0,2020-04-11
1418,33.146507,-117.198325,1,0,2020-04-11
1419,33.139424,-117.151864,1,2,2020-04-11
1420,33.104573,-117.224801,3,7,2020-04-11
1421,33.121935,-117.145835,1,0,2020-04-11
1422,33.152513,-117.177145,1,0,2020-04-11
1423,33.144127,-117.168617,1,2,2020-04-11
1424,33.160313,-117.154839,1,1,2020-04-11
1425,33.166531,-117.152527,1,2,2020-04-11
1426,33.117496,-117.163815,1,0,2020-04-11
1427,33.134464,-117.128259,2,3,2020-04-11
1428,33.137387,-117.195192,1,1,2020-04-11
1429,33.109976,-117.164006,1,1,2020-04-11
1430,33.15472,-117.189699,1,0,2020-04-11
1431,33.118948,-117.177853,1,0,2020-04-11
1432,33.1491,-117.196748,1,1,2020-04-11
1433,33.100049,-117.219547,1,0,2020-04-11
1434,33.145236,-117.17312,1,0,2020-04-11
1435,33.123388,-117.195498,1,0,2020-04-11
1436,33.143014,-117.166024,1,0,2020-04-11
1437,33.130257,-117.21888,1,0,2020-04-11
1438,33.14426,-117.17321,1,1,2020-04-11
1439,33.122646,-117.162957,1,1,2020-04-11
1440,33.135618,-117.12922,2,3,2020-04-11
1441,33.10144,-117.206688,1,0,2020-04-11
1442,33.164848,-117.150608,1,0,2020-04-11
1443,33.151633,-117.168934,1,1,2020-04-11
1444,33.147232,-117.185481,1,0,2020-04-11
1445,33.152669,-117.195366,1,0,2020-04-11
1446,33.132073,-117.220076,1,0,2020-04-11
1447,33.159949,-117.203729,2,3,2020-04-11
1448,33.112407,-117.163866,1,0,2020-04-11
1449,33.107476,-117.169878,1,2,2020-04-11
1450,33.122954,-117.166158,1,1,2020-04-11
1451,33.14943,-117.198708,1,1,2020-04-11
1452,33.128299,-117.177975,1,0,2020-04-11
1453,33.141207,-117.137962,1,1,2020-04-11
1454,33.136281,-117.192625,1,0,2020-04-11
1455,33.136626,-117.170978,1,2,2020-04-11
1456,33.157459,-117.201599,1,0,2020-04-11
1457,33.143593,-117.180717,1,0,2020-04-11
1458,33.13194,-117.198946,1,0,2020-04-11
1459,33.144312,-117.172851,1,0,2020-04-11
1460,33.110224,-117.225489,2,4,2020-04-11
1461,33.122816,-117.190422,1,0,2020-04-11
1462,33.131339,-117.208519,1,2,2020-04-11
1463,33.130181,-117.179743,1,1,2020-04-11
1464,33.138496,-117.18905,1,0,2020-04-11
1465,33.1421,-117.160605,1,1,2020-04-11
1466,33.140548,-117.136818,2,3,2020-04-11
1467,33.149562,-117.198627,1,0,2020-04-11
1468,33.13712,-117.13778,1,1,2020-04-11
1469,33.147675,-117.139053,1,0,2020-04-11
1470,33.168414,-117.160738,1,0,2020-04-11
1471,33.163727,-117.155327,1,1,2020-04-11
1472,33.131954,-117.151617,1,0,2020-04-11
1473,33.127083,-117.193413,1,2,2020-04-11
1474,33.151039,-117.207359,1,0,2020-04-11
1475,33.150224,-117.155862,1,1,2020-04-11
1476,33.131179,-117.1514,1,0,2020-04-11
1477,33.131283,-117.219803,1,0,2020-04-11
1478,33.140957,-117.190272,1,0,2020-04-11
1479,33.125397,-117.192596,1,0,2020-04-11
1480,33.098884,-117.212866,1,0,2020-04-11
1481,33.156276,-117.129684,1,2,2020-04-11
1482,33.13773,-117.159364,2,3,2020-04-11
1483,33.125191,-117.178555,1,0,2020-04-11
1484,33.116154,-117.142769,1,0,2020-04-11
1485,33.101896,-117.189486,1,0,2020-04-11
1486,33.14493,-117.201005,1,0,2020-04-11
1487,33.159164,-117.149655,1,0,2020-04-11
1488,33.140713,-117.136017,1,0,2020-04-11
1489,33.132241,-117.180852,1,0,2020-04-11
1490,33.144124,-117.144733,2,4,2020-04-11
1491,33.125754,-117.195709,1,0,2020-04-11
1492,33.119152,-117.16408,1,0,2020-04-11
1493,33.172704,-117.160211,1,2,2020-04-11
1494,33.122055,-117.192095,2,3,2020-04-11
1495,33.14888,-117.139359,2,3,2020-04-11
1496,33.138332,-117.179588,1,1,2020-04-11
1497,33.125267,-117.176727,1,0,2020-04-11
1498,33.14455,-117.19935,1,1,2020-04-11
1499,33.117735,-117.224747,1,2,2020-04-11
1500,33.139833,-117.184093,1,1,2020-04-11
1501,33.139099,-117.144852,1,0,2020-04-11
1502,33.122589,-117.17923,1,1,2020-04-11
1503,33.120964,-117.191841,2,3,2020-04-11
1504,33.144365,-117.171716,1,0,2020-04-11
1505,33.141863,-117.160737,1,1,2020-04-11
1506,33.121808,-117.227153,1,0,2020-04-11
1507,33.138758,-117.154831,1,1,2020-04-11
1508,33.140282,-117.142349,1,1,2020-04-11
1509,33.127178,-117.191032,1,0,2020-04-11
1510,33.122662,-117.16261,1,0,2020-04-11
1511,33.095605,-117.195905,1,1,2020-04-11
1512,33.144138,-117.190881,1,2,2020-04-11
1513,33.131576,-117.224736,1,0,2020-04-11
1514,33.139142,-117.178491,1,2,2020-04-11
1515,33.150761,-117.19279,1,0,2020-04-11
1516,33.127495,-117.145191,2,3,2020-04-11
1517,33.099701,-117.214677,1,1,2020-04-11
1518,33.094584,-117.207579,1,0,2020-04-11
1519,33.146686,-117.138956,2,3,2020-04-11
1520,33.134598,-117.187899,1,0,2020-04-11
1521,33.111464,-117.225502,1,0,2020-04-11
1522,33.133913,-117.154221,1,0,2020-04-11
1523,33.150982,-117.141876,1,0,2020-04-11
1524,33.122829,-117.227999,1,0,2020-04-11
1525,33.141971,-117.160497,1,0,2020-04-11
1526,33.144652,-117.133649,1,1,2020-04-11
1527,33.166386,-117.152588,1,0,2020-04-11
1528,33.143314,-117.136483,1,0,2020-04-11
1529,33.153699,-117.161482,1,0,2020-04-11
1530,33.150446,-117.188833,1,0,2020-04-11
1531,33.150521,-117.198069,1,0,2020-04-11
1532,33.141698,-117.190299,1,0,2020-04-11
1533,33.12937,-117.136592,1,0,2020-04-11
1534,33.151949,-117.194652,1,1,2020-04-11
1535,33.155759,-117.197995,1,0,2020-04-11
1536,33.142029,-117.174507,1,0,2020-04-11
1537,33.137433,-117.160703,1,2,2020-04-11
1538,33.141011,-117.161803,1,0,2020-04-11
1539,33.14418,-117.133888,1,0,2020-04-11
1540,33.122677,-117.219032,1,1,2020-04-11
1541,33.131433,-117.224718,1,1,2020-04-11
1542,33.139218,-117.178237,2,3,2020-04-11
1543,33.15221,-117.130689,1,0,2020-04-11
1544,33.130157,-117.186311,1,0,2020-04-11
1545,33.144061,-117.170517,1,1,2020-04-11
1546,33.144912,-117.150209,1,0,2020-04-11
1547,33.122113,-117.1663,1,0,2020-04-11
1548,33.138447,-117.134021,1,0,2020-04-11
1549,33.128166,-117.197487,1,0,2020-04-11
1550,33.103131,-117.179064,1,1,2020-04-11
1551,33.099107,-117.198763,1,1,2020-04-11
1552,33.120922,-117.22139,1,1,2020-04-11
1553,33.147945,-117.133382,1,0,2020-04-11
1554,33.137033,-117.154704,1,0,2020-04-11
1555,33.131937,-117.209804,1,2,2020-04-11
1556,33.135605,-117.131653,1,0,2020-04-11
1557,33.128019,-117.148916,1,1,2020-04-11
1558,33.140749,-117.162105,1,1,2020-04-11
1559,33.147495,-117.197868,1,0,2020-04-11
1560,33.116088,-117.144908,1,2,2020-04-11
1561,33.140269,-117.136202,1,0,2020-04-11
1562,33.156046,-117.205062,1,2,2020-04-11
1563,33.135853,-117.191788,1,0,2020-04-11
1564,33.148332,-117.188854,1,2,2020-04-11
1565,33.125458,-117.18364,1,0,2020-04-11
1566,33.139128,-117.178781,1,1,2020-04-11
1567,33.130413,-117.220169,1,1,2020-04-11
1568,33.139936,-117.174765,1,0,2020-04-11
1569,33.118309,-117.164145,2,3,2020-04-11
1570,33.110882,-117.225533,1,1,2020-04-11
1571,33.133008,-117.214531,1,1,2020-04-11
1572,33.136776,-117.172313,1,2,2020-04-11
1573,33.149146,-117.209098,1,2,2020-04-11
1574,33.15527,-117.197271,1,1,2020-04-11
1575,33.143764,-117.203217,1,0,2020-04-11
1576,33.098761,-117.20132,1,0,2020-04-11
1577,33.168114,-117.152481,1,1,2020-04-11
1578,33.136565,-117.182077,1,0,2020-04-11
1579,33.149111,-117.190109,1,0,2020-04-11
1580,33.160459,-117.151453,1,1,2020-04-11
1581,33.118103,-117.146624,1,1,2020-04-11
1582,33.140971,-117.174833,1,0,2020-04-11
1583,33.099934,-117.199055,1,0,2020-04-11
1584,33.152061,-117.179977,1,0,2020-04-11
1585,33.132714,-117.211255,1,2,2020-04-11
1586,33.101981,-117.193229,1,0,2020-04-11
1587,33.123665,-117.176888,1,0,2020-04-11
1588,33.140233,-117.176037,1,1,2020-04-11
1589,33.139698,-117.215118,1,0,2020-04-11
1590,33.163691,-117.16065,1,0,2020-04-11
1591,33.129829,-117.215363,1,0,2020-04-11
1592,33.120964,-117.19207,1,0,2020-04-11
1593,33.137113,-117.162582,1,1,2020-04-11
1594,33.125607,-117.18294,1,1,2020-04-11
1595,33.131519,-117.20857,1,0,2020-04-11
1596,33.136019,-117.194928,1,0,2020-04-11
1597,33.107192,-117.167445,1,2,2020-04-11
1598,33.145046,-117.147001,1,0,2020-04-11
1599,33.160407,-117.151399,1,1,2020-04-11
1600,33.123539,-117.176392,1,0,2020-04-11
1601,33.120974,-117.146538,1,1,2020-04-11
1602,33.126854,-117.194054,1,0,2020-04-11
1603,33.13517,-117.128976,1,2,2020-04-11
1604,33.148239,-117.188757,1,0,2020-04-11
1605,33.152342,-117.195109,1,0,2020-04-11
1606,33.143657,-117.190568,1,1,2020-04-11
1607,33.109556,-117.225477,1,0,2020-04-11
1608,33.148514,-117.197594,2,3,2020-04-11
1609,33.127336,-117.145191,1,0,2020-04-11
1610,33.143711,-117.166992,2,4,2020-04-11
1611,33.154464,-117.196571,1,1,2020-04-11
1612,33.140936,-117.165223,1,0,2020-04-11
1613,33.120786,-117.178784,1,0,2020-04-11
1614,33.14105,-117.165268,1,2,2020-04-11
1615,33.138944,-117.134935,1,0,2020-04-11
1616,33.175404,-117.159151,1,0,2020-04-11
1617,33.12521,-117.219193,1,0,2020-04-11
1618,33.155609,-117.136589,2,3,2020-04-11
1619,33.138957,-117.142102,2,3,2020-04-11
1620,33.122608,-117.191422,1,0,2020-04-11
1621,33.152462,-117.144096,1,0,2020-04-11
1622,33.097302,-117.197974,1,1,2020-04-11
1623,33.157669,-117.189032,1,0,2020-04-11
1624,33.125088,-117.175797,1,0,2020-04-11
1625,33.141325,-117.160868,1,2,2020-04-11
1626,33.150069,-117.198065,1,2,2020-04-11
1627,33.14006,-117.167955,1,1,2020-04-11
1628,33.123936,-117.188766,1,0,2020-04-11
1629,33.100897,-117.197282,1,0,2020-04-11
1630,33.12587,-117.195251,1,0,2020-04-11
1631,33.154386,-117.158918,2,3,2020-04-11
1632,33.150991,-117.207174,1,1,2020-04-11
1633,33.164459,-117.150421,1,0,2020-04-11
1634,33.136365,-117.178702,1,2,2020-04-11
1635,33.136791,-117.118655,1,0,2020-04-11
1636,33.146987,-117.196526,2,3,2020-04-11
1637,33.155031,-117.189527,2,3,2020-04-11
1638,33.152234,-117.131124,1,0,2020-04-11
1639,33.124863,-117.175697,1,2,2020-04-11
1640,33.14267,-117.188683,1,1,2020-04-11
1641,33.130851,-117.228228,1,0,2020-04-11
1642,33.138618,-117.179817,2,4,2020-04-11
1643,33.140053,-117.14012,1,1,2020-04-11
1644,33.136196,-117.19268,1,0,2020-04-11
1645,33.100574,-117.204926,1,0,2020-04-11
1646,33.123783,-117.177094,1,0,2020-04-11
1647,33.130623,-117.160115,1,2,2020-04-11
1648,33.145285,-117.16246,1,0,2020-04-11
1649,33.142023,-117.140212,1,1,2020-04-11
1650,33.094097,-117.205424,1,0,2020-04-11
1651,33.135918,-117.134509,1,1,2020-04-11
1652,33.122795,-117.17907,1,1,2020-04-11
1653,33.138698,-117.174321,1,1,2020-04-11
1654,33.171395,-117.160513,1,1,2020-04-11
1655,33.090725,-117.190936,1,2,2020-04-11
1656,33.136673,-117.205173,1,0,2020-04-11
1657,33.147129,-117.122401,1,1,2020-04-11
1658,33.14064,-117.174506,1,0,2020-04-11
1659,33.12253,-117.162645,1,0,2020-04-11
1660,33.121616,-117.192284,1,1,2020-04-11
1661,33.099963,-117.218648,1,0,2020-04-11
1662,33.154431,-117.141064,1,0,2020-04-11
1663,33.13791,-117.194135,1,2,2020-04-11
1664,33.130356,-117.214767,1,0,2020-04-11
1665,33.147718,-117.189363,1,2,2020-04-11
1666,33.147076,-117.122192,1,2,2020-04-11
1667,33.171757,-117.155258,1,0,2020-04-11
1668,33.145772,-117.183718,1,0,2020-04-11
1669,33.096274,-117.202145,1,0,2020-04-11
1670,33.102779,-117.179396,1,0,2020-04-11
1671,33.147491,-117.13385,1,1,2020-04-11
1672,33.152816,-117.170288,2,4,2020-04-11
1673,33.145114,-117.13449,1,0,2020-04-11
1674,33.133553,-117.120529,1,1,2020-04-11
1675,33.147491,-117.133076,1,1,2020-04-11
1676,33.135826,-117.200336,1,0,2020-04-11
1677,33.143981,-117.15313,1,0,2020-04-11
1678,33.153346,-117.1895,1,1,2020-04-11
1679,33.15319,-117.1711,1,0,2020-04-11
1680,33.155636,-117.13649,1,1,2020-04-11
1681,33.150762,-117.159982,1,0,2020-04-11
1682,33.146797,-117.13887,1,0,2020-04-11
1683,33.157034,-117.129126,1,2,2020-04-11
1684,33.139554,-117.177817,1,1,2020-04-11
1685,33.13383,-117.125583,1,1,2020-04-11
1686,33.162306,-117.160944,1,0,2020-04-11
1687,33.149976,-117.16189,1,0,2020-04-11
1688,33.11578,-117.143448,1,2,2020-04-11
1689,33.125507,-117.176483,2,3,2020-04-11
1690,33.1359,-117.134934,1,1,2020-04-11
1691,33.093403,-117.194527,1,0,2020-04-11
1692,33.128643,-117.21127,1,2,2020-04-11
1693,33.134861,-117.152397,1,1,2020-04-11
1694,33.12263,-117.167918,1,0,2020-04-11
1695,33.129684,-117.190567,2,4,2020-04-11
1696,33.131249,-117.20806,1,0,2020-04-11
1697,33.153302,-117.175212,1,1,2020-04-11
1698,33.155891,-117.198262,1,2,2020-04-11
1699,33.117363,-117.177894,1,0,2020-04-11
1700,33.131509,-117.208078,1,1,2020-04-11
1701,33.133035,-117.212414,1,0,2020-04-11
1702,33.143703,-117.190894,1,0,2020-04-11
1703,33.135735,-117.192285,1,0,2020-04-11
1704,33.108566,-117.225474,1,0,2020-04-11
1705,33.142366,-117.140646,1,0,2020-04-11
1706,33.150014,-117.155333,1,0,2020-04-11
1707,33.102264,-117.186156,1,0,2020-04-11
1708,33.139658,-117.150542,1,1,2020-04-11
1709,33.139935,-117.147873,1,0,2020-04-11
1710,33.151375,-117.208023,1,0,2020-04-11
1711,33.126175,-117.184723,1,1,2020-04-11
1712,33.160748,-117.154778,1,0,2020-04-11
1713,33.139122,-117.143997,2,4,2020-04-11
1714,33.115883,-117.144592,1,1,2020-04-11
1715,33.143655,-117.153916,1,2,2020-04-11
1716,33.107126,-117.166905,1,0,2020-04-11
1717,33.095886,-117.196128,1,0,2020-04-11
1718,33.144833,-117.184174,1,0,2020-04-11
1719,33.160295,-117.181166,1,1,2020-04-11
1720,33.135856,-117.191772,1,0,2020-04-11
1721,33.151143,-117.143845,2,5,2020-04-11
1722,33.1217,-117.179329,1,0,2020-04-11
1723,33.150785,-117.193024,2,3,2020-04-11
1724,33.118765,-117.14673,2,3,2020-04-11
1725,33.120384,-117.17891,1,0,2020-04-11
1726,33.143822,-117.15357,2,3,2020-04-11
1727,33.128529,-117.187149,1,1,2020-04-11
1728,33.139618,-117.16127,1,1,2020-04-11
1729,33.139382,-117.14624,1,2,2020-04-11
1730,33.131432,-117.22737,1,1,2020-04-11
1731,33.116657,-117.141997,1,0,2020-04-11
1732,33.155706,-117.189394,1,2,2020-04-11
1733,33.171469,-117.160655,1,0,2020-04-11
1734,33.127344,-117.166068,1,0,2020-04-11
1735,33.133171,-117.213511,1,0,2020-04-11
1736,33.159571,-117.150046,1,1,2020-04-11
1737,33.129261,-117.160796,1,0,2020-04-11
1738,33.133152,-117.214547,1,2,2020-04-11
1739,33.101495,-117.194711,1,0,2020-04-11
1740,33.118309,-117.146694,1,0,2020-04-11
1741,33.094933,-117.208395,1,0,2020-04-11
1742,33.124729,-117.219467,1,0,2020-04-11
1743,33.122807,-117.219292,1,0,2020-04-11
1744,33.127502,-117.186707,1,0,2020-04-11
1745,33.102063,-117.191856,1,0,2020-04-11
1746,33.166153,-117.151779,1,1,2020-04-11
1747,33.138994,-117.193702,1,0,2020-04-11
1748,33.141869,-117.124672,1,0,2020-04-11
1749,33.13705,-117.173827,1,1,2020-04-11
1750,33.138208,-117.194103,1,0,2020-04-11
1751,33.133383,-117.147094,1,0,2020-04-11
1752,33.1313026,-117.2140197,1,1,2020-04-11
1753,33.122778,-117.167659,1,0,2020-04-11
1754,33.133784,-117.191444,1,1,2020-04-11
1755,33.141066,-117.161202,1,0,2020-04-11
1756,33.156668,-117.129321,1,0,2020-04-11
1757,33.127312,-117.165236,1,0,2020-04-11
1758,33.142477,-117.156209,1,0,2020-04-11
1759,33.12892,-117.138379,1,1,2020-04-11
1760,33.107291,-117.166498,1,0,2020-04-11
1761,33.131289,-117.228203,1,0,2020-04-11
1762,33.121415,-117.166089,1,0,2020-04-11
1763,33.135454,-117.150548,1,0,2020-04-11
1764,33.145122,-117.147472,1,0,2020-04-11
1765,33.150245,-117.204921,1,0,2020-04-11
1766,33.121864,-117.179443,1,2,2020-04-11
1767,33.140575,-117.181122,1,0,2020-04-11
1768,33.156135,-117.144262,1,1,2020-04-11
1769,33.150487,-117.203415,1,2,2020-04-11
1770,33.129257,-117.179004,3,6,2020-04-11
1771,33.123453,-117.179338,1,0,2020-04-11
1772,33.124653,-117.219513,1,0,2020-04-11
1773,33.147188,-117.190309,2,3,2020-04-11
1774,33.127609,-117.182503,1,1,2020-04-11
1775,33.129865,-117.136292,1,1,2020-04-11
1776,33.14703,-117.19012,1,0,2020-04-11
1777,33.145062,-117.148628,1,0,2020-04-11
1778,33.125614,-117.182907,1,0,2020-04-11
1779,33.116785,-117.163443,1,0,2020-04-11
1780,33.134186,-117.17793,1,0,2020-04-11
1781,33.163693,-117.160807,1,0,2020-04-11
1782,33.149561,-117.190795,1,1,2020-04-11
1783,33.134577,-117.132575,1,0,2020-04-11
1784,33.136257,-117.194926,1,1,2020-04-11
1785,33.094613,-117.203613,1,1,2020-04-11
1786,33.10956,-117.164059,1,0,2020-04-11
1787,33.139072,-117.143478,1,1,2020-04-11
1788,33.167441,-117.151831,1,0,2020-04-11
1789,33.142065,-117.157873,1,1,2020-04-11
1790,33.124229,-117.175636,2,4,2020-04-11
1791,33.147408,-117.186032,1,0,2020-04-11
1792,33.152596,-117.176905,1,1,2020-04-11
1793,33.154859,-117.196858,1,0,2020-04-11
1794,33.121628,-117.179169,1,0,2020-04-11
1795,33.127781,-117.188133,1,1,2020-04-11
1796,33.132258,-117.164229,1,0,2020-04-11
1797,33.10033,-117.197991,1,1,2020-04-11
1798,33.123981,-117.175636,1,2,2020-04-11
1799,33.111899,-117.225872,1,1,2020-04-11
1800,33.143047,-117.180077,1,0,2020-04-11
1801,33.14024,-117.143143,1,0,2020-04-11
1802,33.135425,-117.130468,1,1,2020-04-11
1803,33.152818,-117.161578,1,0,2020-04-11
1804,33.128813,-117.228318,1,0,2020-04-11
1805,33.165627,-117.151299,1,0,2020-04-11
1806,33.115921,-117.144118,1,1,2020-04-11
1807,33.1387,-117.134627,1,0,2020-04-11
1808,33.141991,-117.15891,1,2,2020-04-11
1809,33.127752,-117.176549,1,0,2020-04-11
1810,33.13126,-117.204871,1,0,2020-04-11
1811,33.125244,-117.175987,1,0,2020-04-11
1812,33.138992,-117.145287,2,3,2020-04-11
1813,33.133418,-117.194017,1,0,2020-04-11
1814,33.102278,-117.185666,1,1,2020-04-11
1815,33.138268,-117.159683,1,2,2020-04-11
1816,33.140983,-117.184312,1,0,2020-04-11
1817,33.099568,-117.214023,2,4,2020-04-11
1818,33.123524,-117.175858,1,1,2020-04-11
1819,33.1424,-117.190702,1,0,2020-04-11
1820,33.139799,-117.14683,1,0,2020-04-11
1821,33.151035,-117.158564,1,1,2020-04-11
1822,33.152842,-117.161445,1,0,2020-04-11
1823,33.126149,-117.217876,1,2,2020-04-11
1824,33.15189,-117.140297,1,0,2020-04-11
1825,33.130165,-117.136287,1,0,2020-04-11
1826,33.133109,-117.214911,1,0,2020-04-11
1827,33.141725,-117.160605,1,1,2020-04-11
1828,33.107677,-117.165499,1,2,2020-04-11
1829,33.157841,-117.202095,1,0,2020-04-11
1830,33.115997,-117.226262,1,1,2020-04-11
1831,33.14172,-117.124268,1,0,2020-04-11
1832,33.150836,-117.198005,1,0,2020-04-11
1833,33.142154,-117.156663,1,0,2020-04-11
1834,33.132319,-117.151829,1,0,2020-04-11
1835,33.135433,-117.130638,1,1,2020-04-11
1836,33.145397,-117.134204,1,0,2020-04-11
1837,33.121773,-117.179398,1,1,2020-04-11
1838,33.150471,-117.203138,1,0,2020-04-11
1839,33.119946,-117.186581,1,0,2020-04-11
1840,33.137028,-117.118289,1,0,2020-04-11
1841,33.140686,-117.137091,1,2,2020-04-11
1842,33.143517,-117.154164,1,1,2020-04-11
1843,33.131312,-117.201461,1,1,2020-04-11
1844,33.1409,-117.139535,1,1,2020-04-11
1845,33.133146,-117.156559,1,1,2020-04-11
1846,33.141907,-117.157806,1,0,2020-04-11
1847,33.120326,-117.165711,1,0,2020-04-11
1848,33.139858,-117.183045,1,0,2020-04-11
1849,33.156437,-117.161023,2,5,2020-04-11
1850,33.142084,-117.159929,1,1,2020-04-11
1851,33.138159,-117.175737,1,2,2020-04-11
1852,33.136086,-117.150337,1,0,2020-04-11
1853,33.117277,-117.225169,1,0,2020-04-11
1854,33.144627,-117.202797,1,0,2020-04-11
1855,33.124442,-117.145213,1,1,2020-04-11
1856,33.151073,-117.142418,1,0,2020-04-11
1857,33.137351,-117.174719,1,1,2020-04-11
1858,33.132298,-117.212837,1,0,2020-04-11
1859,33.096871,-117.200686,1,2,2020-04-11
1860,33.153428,-117.175849,1,1,2020-04-11
1861,33.142799,-117.126839,1,0,2020-04-11
1862,33.118512,-117.165332,1,0,2020-04-11
1863,33.152151,-117.180852,1,0,2020-04-11
1864,33.140926,-117.162341,1,1,2020-04-11
1865,33.150998,-117.15708,1,1,2020-04-11
1866,33.155037,-117.189678,1,0,2020-04-11
1867,33.134577,-117.128124,1,0,2020-04-11
1868,33.153826,-117.176629,2,3,2020-04-11
1869,33.128242,-117.196037,1,0,2020-04-11
1870,33.115974,-117.143021,1,0,2020-04-11
1871,33.121113,-117.192284,1,0,2020-04-11
1872,33.122071,-117.188771,1,1,2020-04-11
1873,33.139122,-117.144623,1,0,2020-04-11
1874,33.122433,-117.191711,1,0,2020-04-11
1875,33.152313,-117.143997,1,1,2020-04-11
1876,33.130463,-117.220047,1,1,2020-04-11
1877,33.146604,-117.122183,1,0,2020-04-11
1878,33.140835,-117.161724,1,2,2020-04-11
1879,33.12174,-117.188777,1,1,2020-04-11
1880,33.145516,-117.195465,1,0,2020-04-11
1881,33.139163,-117.142204,1,2,2020-04-11
1882,33.119548,-117.168706,1,0,2020-04-11
1883,33.102106,-117.182189,1,0,2020-04-11
1884,33.127463,-117.173476,1,0,2020-04-11
1885,33.141363,-117.17153,1,1,2020-04-11
1886,33.125446,-117.176399,1,0,2020-04-11
1887,33.137273,-117.160694,1,2,2020-04-11
1888,33.144721,-117.146157,1,1,2020-04-11
1889,33.117145,-117.225568,1,0,2020-04-11
1890,33.127429,-117.17285,1,0,2020-04-11
1891,33.173256,-117.159942,1,0,2020-04-11
1892,33.134155,-117.153482,1,0,2020-04-11
1893,33.140717,-117.136876,1,0,2020-04-11
1894,33.149326,-117.139473,1,0,2020-04-11
1895,33.097389,-117.198918,1,1,2020-04-11
1896,33.094492,-117.204166,1,2,2020-04-11
1897,33.141171,-117.180923,1,0,2020-04-11
1898,33.125759,-117.183907,1,1,2020-04-11
1899,33.115807,-117.22654,1,1,2020-04-11
1900,33.107102,-117.167474,1,0,2020-04-11
1901,33.140301,-117.142563,1,0,2020-04-11
1902,33.11849,-117.165536,1,0,2020-04-11
1903,33.107195,-117.1732,1,0,2020-04-11
1904,33.098788,-117.212926,3,6,2020-04-11
1905,33.13588,-117.150887,2,3,2020-04-11
1906,33.125142,-117.178253,1,0,2020-04-11
1907,33.125259,-117.178561,1,0,2020-04-11
1908,33.15197,-117.179672,1,0,2020-04-11
1909,33.107628,-117.170896,1,1,2020-04-11
1910,33.099057,-117.200042,1,0,2020-04-11
1911,33.099472,-117.214087,1,0,2020-04-11
1912,33.131476,-117.200878,2,3,2020-04-11
1913,33.1502,-117.1455,1,0,2020-04-11
1914,33.163181,-117.154984,1,0,2020-04-11
1915,33.141812,-117.190658,1,0,2020-04-11
1916,33.150269,-117.205231,1,0,2020-04-11
1917,33.152596,-117.149307,1,0,2020-04-11
1918,33.129258,-117.136764,1,0,2020-04-11
1919,33.09713,-117.200394,1,0,2020-04-11
1920,33.146645,-117.162277,1,0,2020-04-11
1921,33.152818,-117.161577,1,0,2020-04-11
1922,33.143494,-117.189858,1,0,2020-04-11
1923,33.141052,-117.180946,1,0,2020-04-11
1924,33.115864,-117.143227,1,0,2020-04-11
1925,33.122008,-117.227488,1,1,2020-04-11
1926,33.164739,-117.188749,1,1,2020-04-11
1927,33.132569,-117.210869,1,0,2020-04-11
1928,33.114496,-117.163646,1,1,2020-04-11
1929,33.126118,-117.18856,1,0,2020-04-11
1930,33.185016,-117.154861,1,1,2020-04-11
1931,33.139479,-117.143933,1,0,2020-04-11
1932,33.147497,-117.133424,1,1,2020-04-11
1933,33.138737,-117.160454,1,0,2020-04-11
1934,33.131533,-117.124528,1,0,2020-04-11
1935,33.130459,-117.219048,1,0,2020-04-11
1936,33.147305,-117.127327,2,3,2020-04-11
1937,33.114934,-117.226636,1,0,2020-04-11
1938,33.141186,-117.123154,1,2,2020-04-11
1939,33.158888,-117.149464,1,0,2020-04-11
1940,33.145312,-117.189356,1,0,2020-04-11
1941,33.144409,-117.145269,1,1,2020-04-11
1942,33.141915,-117.187455,1,0,2020-04-11
1943,33.120358,-117.146501,1,0,2020-04-11
1944,33.153033,-117.207202,1,2,2020-04-11
1945,33.16358,-117.188852,1,1,2020-04-11
1946,33.155458,-117.142973,1,0,2020-04-11
1947,33.136855,-117.118439,1,0,2020-04-11
1948,33.139271,-117.153546,1,2,2020-04-11
1949,33.12298,-117.162508,1,0,2020-04-11
1950,33.141304,-117.212883,1,1,2020-04-11
1951,33.123268,-117.179314,1,1,2020-04-11
1952,33.107983,-117.16503,1,0,2020-04-11
1953,33.141552,-117.123772,1,0,2020-04-11
1954,33.138535,-117.117073,1,2,2020-04-11
1955,33.126175,-117.180023,1,0,2020-04-11
1956,33.122494,-117.179291,1,0,2020-04-11
1957,33.116596,-117.145203,1,1,2020-04-11
1958,33.127555,-117.143239,1,0,2020-04-11
1959,33.101451,-117.206351,1,0,2020-04-11
1960,33.127329,-117.166821,2,3,2020-04-11
1961,33.137436,-117.193058,1,0,2020-04-11
1962,33.146851,-117.19651,1,1,2020-04-11
1963,33.143573,-117.191403,1,1,2020-04-11
1964,33.141636,-117.160887,1,1,2020-04-11
1965,33.123703,-117.221863,1,0,2020-04-11
1966,33.146038,-117.200274,1,0,2020-04-11
1967,33.135174,-117.133995,1,0,2020-04-11
1968,33.148446,-117.19071,1,0,2020-04-11
1969,33.139909,-117.193112,1,1,2020-04-11
1970,33.136413,-117.18216,1,0,2020-04-11
1971,33.140244,-117.203186,1,1,2020-04-11
1972,33.105446,-117.225421,1,0,2020-04-11
1973,33.141704,-117.19053,2,3,2020-04-11
1974,33.126869,-117.180283,1,0,2020-04-11
1975,33.138731,-117.141502,1,1,2020-04-11
1976,33.102333,-117.223052,1,0,2020-04-11
1977,33.141009,-117.190043,1,1,2020-04-11
1978,33.13555,-117.133874,2,4,2020-04-11
1979,33.149946,-117.155018,1,1,2020-04-11
1980,33.131304,-117.202722,1,0,2020-04-11
1981,33.100071,-117.218656,1,0,2020-04-11
1982,33.121095,-117.162429,1,0,2020-04-11
1983,33.135066,-117.154008,1,2,2020-04-11
1984,33.128212,-117.177567,1,1,2020-04-11
1985,33.126783,-117.180193,1,0,2020-04-11
1986,33.149875,-117.151159,2,4,2020-04-11
1987,33.131521,-117.200588,1,0,2020-04-11
1988,33.139393,-117.153036,1,0,2020-04-11
1989,33.126415,-117.188362,1,0,2020-04-11
1990,33.128349,-117.220131,1,0,2020-04-11
1991,33.099985,-117.221302,1,0,2020-04-11
1992,33.140301,-117.142769,1,1,2020-04-11
1993,33.141445,-117.123558,1,0,2020-04-11
1994,33.121441,-117.192307,2,3,2020-04-11
1995,33.120449,-117.221123,1,1,2020-04-11
1996,33.141131,-117.164072,1,2,2020-04-11
1997,33.152627,-117.161532,1,1,2020-04-11
1998,33.131537,-117.151464,1,0,2020-04-11
1999,33.122216,-117.168565,1,0,2020-04-11
2000,33.134171,-117.187721,1,0,2020-04-11
2001,33.140388,-117.161537,1,0,2020-04-11
2002,33.128501,-117.150473,1,2,2020-04-11
2003,33.125759,-117.174278,1,0,2020-04-11
2004,33.152222,-117.189252,2,3,2020-04-11
2005,33.128743,-117.150846,1,1,2020-04-11
2006,33.146045,-117.193095,1,0,2020-04-11
2007,33.132811,-117.126545,1,0,2020-04-11
2008,33.140036,-117.176847,1,0,2020-04-11
2009,33.136185,-117.181937,1,0,2020-04-11
2010,33.146982,-117.13675,1,1,2020-04-11
2011,33.127651,-117.148064,1,0,2020-04-11
2012,33.132477,-117.196967,1,0,2020-04-11
2013,33.152774,-117.206326,1,1,2020-04-11
2014,33.152108,-117.179275,1,0,2020-04-11
2015,33.122094,-117.168812,1,0,2020-04-11
2016,33.148827,-117.188616,1,2,2020-04-11
2017,33.13818,-117.159317,1,0,2020-04-11
2018,33.140741,-117.162654,1,0,2020-04-11
2019,33.157259,-117.178083,1,2,2020-04-11
2020,33.129763,-117.22868,1,1,2020-04-11
2021,33.135712,-117.131844,2,3,2020-04-11
2022,33.09095,-117.191498,1,0,2020-04-11
2023,33.144469,-117.172335,2,3,2020-04-11
2024,33.129303,-117.222603,1,1,2020-04-11
2025,33.160759,-117.183044,1,2,2020-04-11
2026,33.138455,-117.189334,1,1,2020-04-11
2027,33.125084,-117.178611,1,0,2020-04-11
2028,33.122566,-117.162754,1,0,2020-04-11
2029,33.128262,-117.185112,1,0,2020-04-11
2030,33.116928,-117.145416,1,0,2020-04-11
2031,33.116344,-117.142441,1,0,2020-04-11
2032,33.128551,-117.184608,1,0,2020-04-11
2033,33.142292,-117.180397,1,1,2020-04-11
2034,33.139881,-117.140319,1,0,2020-04-11
2035,33.095337,-117.208691,1,1,2020-04-11
2036,33.151403,-117.168439,1,2,2020-04-11
2037,33.150362,-117.155969,1,1,2020-04-11
2038,33.109858,-117.225495,1,0,2020-04-11
2039,33.121672,-117.22528,1,0,2020-04-11
2040,33.135966,-117.1496,1,0,2020-04-11
2041,33.128895,-117.218887,1,0,2020-04-11
2042,33.159754,-117.203654,1,0,2020-04-11
2043,33.132715,-117.216464,2,3,2020-04-11
2044,33.142739,-117.162751,1,0,2020-04-11
2045,33.122919,-117.165982,1,0,2020-04-11
2046,33.17738,-117.145509,1,2,2020-04-11
2047,33.130374,-117.12266,1,2,2020-04-11
2048,33.142168,-117.188529,2,3,2020-04-11
2049,33.137247,-117.194519,1,1,2020-04-11
2050,33.129247,-117.179172,1,2,2020-04-11
2051,33.163412,-117.154849,1,0,2020-04-11
2052,33.160027,-117.154984,1,1,2020-04-11
2053,33.116181,-117.163493,1,1,2020-04-11
2054,33.12206,-117.165777,1,0,2020-04-11
2055,33.12355,-117.222366,1,0,2020-04-11
2056,33.122391,-117.171934,1,0,2020-04-11
2057,33.133825,-117.154639,1,1,2020-04-11
2058,33.171922,-117.16039,1,0,2020-04-11
2059,33.147698,-117.133414,1,0,2020-04-11
2060,33.16428,-117.188951,1,0,2020-04-11
2061,33.132245,-117.18107,1,0,2020-04-11
2062,33.125404,-117.191788,1,0,2020-04-11
2063,33.121149,-117.146404,1,1,2020-04-11
2064,33.095361,-117.202789,1,0,2020-04-11
2065,33.150839,-117.156721,1,0,2020-04-11
2066,33.139651,-117.151013,1,0,2020-04-11
2067,33.146795,-117.138795,1,1,2020-04-11
2068,33.129716,-117.136314,1,2,2020-04-11
2069,33.150799,-117.192291,1,1,2020-04-11
2070,33.145981,-117.200115,1,0,2020-04-11
2071,33.131765,-117.151536,1,0,2020-04-11
2072,33.162647,-117.150963,1,0,2020-04-11
2073,33.151546,-117.20269,1,0,2020-04-11
2074,33.135339,-117.132966,1,0,2020-04-11
2075,33.153297,-117.172054,1,0,2020-04-11
2076,33.143734,-117.19384,1,0,2020-04-11
2077,33.101837,-117.193383,1,0,2020-04-11
2078,33.152427,-117.196964,1,1,2020-04-11
2079,33.128163,-117.185121,1,1,2020-04-11
2080,33.139388,-117.183117,1,1,2020-04-11
2081,33.151061,-117.159333,1,0,2020-04-11
2082,33.145023,-117.195709,1,2,2020-04-11
2083,33.134856,-117.205923,1,0,2020-04-11
2084,33.135639,-117.151791,1,0,2020-04-11
2085,33.132816,-117.212472,2,3,2020-04-11
2086,33.162693,-117.155083,1,2,2020-04-11
2087,33.108883,-117.164146,1,0,2020-04-11
2088,33.142974,-117.191707,1,0,2020-04-11
2089,33.138348,-117.174954,1,0,2020-04-11
2090,33.145329,-117.182437,1,0,2020-04-11
2091,33.138293,-117.133145,1,0,2020-04-11
2092,33.126159,-117.180022,1,1,2020-04-11
2093,33.182123,-117.156167,1,1,2020-04-11
2094,33.108556,-117.225266,1,1,2020-04-11
2095,33.138603,-117.160294,1,1,2020-04-11
2096,33.107048,-117.225559,1,0,2020-04-11
2097,33.099352,-117.20181,1,0,2020-04-11
2098,33.151607,-117.197623,1,2,2020-04-11
2099,33.119507,-117.190323,1,0,2020-04-11
2100,33.177429,-117.145502,1,0,2020-04-11
2101,33.142274,-117.15627,1,2,2020-04-11
2102,33.135396,-117.129613,1,0,2020-04-11
2103,33.120899,-117.191383,2,5,2020-04-11
2104,33.103307,-117.223689,2,3,2020-04-11
2105,33.124108,-117.179101,1,0,2020-04-11
2106,33.132888,-117.211796,1,0,2020-04-11
2107,33.126083,-117.179001,1,2,2020-04-11
2108,33.157093,-117.129349,1,1,2020-04-11
2109,33.122741,-117.162505,1,0,2020-04-11
2110,33.122326,-117.162445,1,0,2020-04-11
2111,33.151218,-117.167491,1,1,2020-04-11
2112,33.138097,-117.133001,1,0,2020-04-11
2113,33.121123,-117.166026,1,1,2020-04-11
2114,33.130879,-117.219456,1,0,2020-04-11
2115,33.138195,-117.158796,1,0,2020-04-11
2116,33.13615,-117.136214,1,0,2020-04-11
2117,33.140211,-117.142086,1,0,2020-04-11
2118,33.129017,-117.218819,1,0,2020-04-11
2119,33.126717,-117.188049,1,1,2020-04-11
2120,33.149784,-117.139557,1,1,2020-04-11
2121,33.138359,-117.174452,1,0,2020-04-11
2122,33.16917,-117.153507,1,0,2020-04-11
2123,33.129126,-117.218786,1,0,2020-04-11
2124,33.140148,-117.141891,1,0,2020-04-11
2125,33.122232,-117.171206,1,0,2020-04-11
2126,33.124672,-117.177879,2,4,2020-04-11
2127,33.166216,-117.160736,1,0,2020-04-11
2128,33.138306,-117.141273,1,1,2020-04-11
2129,33.123524,-117.192551,1,0,2020-04-11
2130,33.096116,-117.20181,1,0,2020-04-11
2131,33.14701,-117.184604,1,0,2020-04-11
2132,33.144554,-117.199348,2,3,2020-04-11
2133,33.137764,-117.132242,1,0,2020-04-11
2134,33.095032,-117.208328,1,0,2020-04-11
2135,33.138016,-117.132609,1,1,2020-04-11
